,IYW US Equity,GDP,DGS10,CSUSHPINSA,PAYEMS,TEDRATE,FEDFUNDS,NETEXP,PCE,UNRATE,UMCSENT,BAMLH0A0HYM2,RECPROUSM156N,VIXCLS,XOI Index,YIELD_SLOPE,XAU Curncy,LUMSTRUU Index,DXY Curncy,M2 Index,LUGCTRUU Index,TAIEALLGCLCRT100EP,CCSA,JTU5200JOR,ACILOB
2000-12-31,74.5625,10472.285,5.12,108.79,132731.0,0.67,0.064,-402.351,6979.1,0.039,98.4,0.0916,0.0806,26.85,536.25,0.016,272.25,974.99,109.56,4905.0,1052.19,193394.0,2306400.0,3.4,209095.0
2001-01-31,87.4,10508.121,5.19,109.22,132706.0,0.56,0.0598,-391.688,7009.8,0.042,94.7,0.0787,0.1576,22.02,527.98,0.542,265.85,990.17,110.52,4955.3,1069.84,165824.0,2395750.0,5.0,224063.0
2001-02-28,62.0,10508.121,4.92,109.64,132778.0,0.32,0.0549,-391.688,7029.3,0.042,90.6,0.077,0.1868,28.35,525.39,0.506,267.15,995.84,112.01,4993.0,1080.88,165824.0,2486500.0,3.9,224063.0
2001-03-31,53.3,10508.121,4.93,110.4,132751.0,0.68,0.0531,-391.688,7022.1,0.043,91.5,0.0818,0.2268,28.64,529.44,0.737,257.95,1001.62,117.37,5050.3,1085.84,165824.0,2585400.0,3.5,224063.0
2001-04-30,63.7,10638.384,5.35,111.25,132471.0,0.48,0.048,-359.331,7036.2,0.044,88.4,0.0806,0.2638,25.48,584.8,1.062,264.05,1003.01,115.76,5113.7,1077.7,170433.0,2697250.0,3.8,221305.0
2001-05-31,60.4,10638.384,5.43,112.2,132432.0,0.44,0.0421,-359.331,7083.1,0.043,92.0,0.0768,0.27,22.64,586.16,1.193,265.85,1009.66,119.07,5110.9,1083.9,170433.0,2819250.0,3.6,221305.0
2001-06-30,61.5,10638.384,5.42,113.27,132302.0,0.27,0.0397,-359.331,7097.1,0.045,92.6,0.0816,0.2748,19.06,548.85,1.17,270.85,1011.82,119.47,5151.1,1089.1,170433.0,2947400.0,4.1,221305.0
2001-07-31,57.0,10639.486,5.07,114.23,132191.0,0.21,0.0377,-366.666,7109.2,0.046,92.4,0.0827,0.2598,21.62,548.28,1.257,266.65,1029.78,117.18,5181.0,1116.24,158712.0,3030750.0,3.9,214329.0
2001-08-31,49.5,10639.486,4.85,114.99,132035.0,0.16,0.0365,-366.666,7146.1,0.049,91.5,0.0805,0.2378,24.92,548.85,1.203,274.4,1038.87,113.42,5214.8,1130.57,158712.0,3120000.0,2.9,214329.0
2001-09-30,38.65,10639.486,4.6,115.47,131794.0,0.24,0.0307,-366.666,7054.8,0.05,81.8,0.1018,0.2298,31.93,498.16,1.737,293.25,1054.43,113.41,5325.9,1140.97,158712.0,3262200.0,3.4,214329.0
2001-10-31,47.0,10701.317,4.3,115.68,131467.0,0.19,0.0249,-357.048,7250.2,0.053,82.7,0.0961,0.1704,33.56,507.97,1.809,279.65,1069.01,114.86,5312.1,1169.92,182404.0,3527500.0,3.3,209424.0
2001-11-30,54.0,10701.317,4.78,115.84,131176.0,0.28,0.0209,-357.048,7209.6,0.055,83.9,0.0839,0.1238,23.84,490.8,1.911,274.4,1059.13,116.13,5355.5,1150.72,182404.0,3656500.0,2.5,209424.0
2001-12-31,53.2,10701.317,5.07,116.06,131004.0,0.17,0.0182,-357.048,7190.0,0.057,88.8,0.0824,0.0508,23.8,519.99,2.025,278.95,1055.14,116.75,5408.4,1141.65,182404.0,3589400.0,2.4,209424.0
2002-01-31,53.7,10834.445,5.07,116.44,130869.0,0.15,0.0173,-375.263,7217.7,0.057,93.0,0.0789,0.018,21.09,508.2,1.874,282.55,1064.91,120.21,5428.8,1150.04,176933.0,3550500.0,5.2,207895.0
2002-02-28,45.9,10834.445,4.88,116.92,130733.0,0.14,0.0174,-375.263,7259.7,0.057,90.7,0.0819,0.0132,21.59,526.08,1.816,296.55,1077.03,119.16,5457.9,1159.8,176933.0,3554250.0,2.2,207895.0
2002-03-31,49.55,10834.445,5.42,117.93,130712.0,0.27,0.0173,-375.263,7276.7,0.057,95.7,0.0708,0.0042,17.4,565.87,1.685,302.65,1065.62,118.62,5470.1,1136.27,176933.0,3610800.0,3.1,207895.0
2002-04-30,43.45,10934.752,5.11,119.21,130634.0,0.18,0.0175,-415.978,7345.6,0.059,93.0,0.0688,0.0024,21.91,541.6,1.8647,308.45,1085.8,115.19,5470.1,1158.28,181328.0,3689250.0,3.2,210936.0
2002-05-31,41.76,10934.752,5.08,120.79,130629.0,0.19,0.0175,-415.978,7321.8,0.058,96.9,0.0728,0.001,19.98,545.93,1.8499,326.55,1093.68,111.81,5495.7,1168.97,181328.0,3712000.0,2.4,210936.0
2002-06-30,36.05,10934.752,4.86,122.33,130685.0,0.19,0.0175,-415.978,7366.1,0.058,92.4,0.0875,0.0018,25.4,548.45,1.9861,314.45,1102.7,106.11,5519.9,1178.91,181328.0,3635200.0,2.7,210936.0
2002-07-31,32.7,11037.057,4.51,123.69,130601.0,0.14,0.0173,-431.634,7424.2,0.058,88.1,0.0971,0.0062,32.03,483.07,2.2249,303.55,1115.32,107.41,5562.3,1193.11,197777.0,3504250.0,3.2,207734.0
2002-08-31,32.53,11037.057,4.14,124.73,130587.0,0.15,0.0174,-431.634,7449.0,0.057,87.6,0.0961,0.0062,32.64,490.59,1.9919,312.75,1124.09,106.98,5604.6,1219.86,197777.0,3516800.0,2.7,207734.0
2002-09-30,26.6,11037.057,3.63,125.49,130527.0,0.25,0.0175,-431.634,7426.1,0.057,86.1,0.1033,0.0046,39.69,444.58,1.9109,323.55,1132.07,106.87,5629.4,1246.1,197777.0,3555000.0,2.0,207734.0
2002-10-31,32.25,11103.834,3.93,126.14,130649.0,0.27,0.0175,-482.967,7469.3,0.057,80.6,0.1059,0.005,31.14,430.07,2.2228,317.75,1136.4,106.64,5673.6,1234.19,204756.0,3555750.0,3.3,207114.0
2002-11-30,38.08,11103.834,4.22,126.64,130662.0,0.23,0.0134,-482.967,7499.8,0.059,84.2,0.0883,0.005,27.5,436.85,2.1489,318.15,1135.59,106.38,5723.2,1234.92,204756.0,3482400.0,2.8,207114.0
2002-12-31,32.5,11103.834,3.83,127.15,130504.0,0.18,0.0124,-482.967,7552.6,0.06,86.7,0.089,0.0082,28.62,446.84,2.2178,348.05,1147.45,101.85,5744.2,1267.64,204756.0,3482750.0,2.2,207114.0
2003-01-31,32.14,11230.078,4.0,127.65,130596.0,0.19,0.0124,-501.593,7579.5,0.058,82.4,0.0829,0.0032,31.17,426.99,2.2734,368.15,1150.25,99.91,5776.9,1267.6,187381.0,3414500.0,3.7,205960.0
2003-02-28,32.56,11230.078,3.71,128.33,130447.0,0.16,0.0126,-501.593,7573.6,0.059,79.9,0.0838,0.0046,29.63,425.86,2.1817,349.95,1157.96,99.71,5812.9,1290.18,187381.0,3437000.0,2.1,205960.0
2003-03-31,32.49,11230.078,3.83,129.31,130238.0,0.16,0.0125,-501.593,7627.5,0.059,77.6,0.0772,0.006,29.15,429.97,2.3144,337.45,1158.06,98.88,5833.6,1288.5,187381.0,3540800.0,2.2,205960.0
2003-04-30,35.26,11370.653,3.89,130.49,130194.0,0.2,0.0126,-501.364,7661.7,0.06,86.0,0.0644,0.005,21.21,430.76,2.3543,338.55,1162.9,97.19,5870.6,1302.27,188546.0,3629750.0,3.5,207676.0
2003-05-31,38.89,11370.653,3.37,131.84,130187.0,0.19,0.0126,-501.364,7669.2,0.061,92.1,0.0679,0.001,19.47,471.29,2.0482,364.45,1163.86,93.29,5931.5,1339.28,188546.0,3719200.0,2.4,207676.0
2003-06-30,38.61,11370.653,3.54,133.23,130197.0,0.23,0.0122,-501.364,7722.9,0.063,89.7,0.0613,0.0006,19.52,473.65,2.2134,346.4,1165.76,94.73,5968.2,1333.92,188546.0,3701500.0,2.2,207676.0
2003-07-31,40.85,11625.137,4.49,134.65,130219.0,0.17,0.0101,-499.917,7783.8,0.062,90.9,0.0567,0.001,19.49,462.29,2.6657,354.35,1143.92,96.89,6014.9,1278.0,199863.0,3616250.0,3.0,208539.0
2003-08-31,43.49,11625.137,4.45,135.96,130178.0,0.18,0.0103,-499.917,7878.9,0.061,89.3,0.0546,0.0014,18.63,480.1,2.4957,375.55,1152.06,98.1,6072.7,1286.43,199863.0,3596400.0,3.0,208539.0
2003-09-30,43.13,11625.137,3.96,137.08,130282.0,0.23,0.0101,-499.917,7874.0,0.061,87.7,0.0551,0.0002,22.72,480.16,2.4799,385.35,1171.69,92.85,6044.8,1327.18,199863.0,3575750.0,2.3,208539.0
2003-10-31,47.3,11816.827,4.33,137.98,130485.0,0.23,0.0101,-511.744,7890.6,0.06,89.6,0.0473,0.0002,16.1,490.28,2.4752,384.25,1167.63,92.73,6035.1,1310.38,240212.0,3486250.0,3.0,204529.0
2003-11-30,48.08,11816.827,4.34,138.77,130496.0,0.26,0.01,-511.744,7950.4,0.058,93.7,0.0448,0.0006,16.32,495.05,2.2879,398.15,1170.07,90.23,6039.7,1313.86,240212.0,3373400.0,2.5,204529.0
2003-12-31,48.51,11816.827,4.27,139.63,130619.0,0.22,0.0098,-511.744,7974.3,0.057,92.6,0.0418,0.0014,18.31,562.61,2.4266,415.45,1182.64,86.92,6037.4,1326.82,240212.0,3270250.0,2.3,204529.0
2004-01-31,50.5,11988.403,4.16,140.71,130778.0,0.23,0.01,-546.643,8037.3,0.057,103.8,0.0405,0.0002,16.63,563.29,2.313,402.45,1190.05,87.2,6045.7,1338.87,224025.0,3148200.0,4.1,202236.0
2004-02-29,48.94,11988.403,3.99,142.04,130826.0,0.18,0.0101,-546.643,8072.1,0.056,94.4,0.0434,0.0,14.55,593.42,2.3301,396.15,1200.08,87.31,6084.6,1355.25,224025.0,3114750.0,3.1,202236.0
2004-03-31,47.45,11988.403,3.86,144.09,131157.0,0.18,0.01,-546.643,8121.0,0.058,95.8,0.0441,0.0004,16.74,593.86,2.263,426.45,1205.34,87.61,6120.6,1367.69,224025.0,3046250.0,2.7,202236.0
2004-04-30,44.46,12181.398,4.53,146.18,131408.0,0.22,0.01,-608.021,8141.6,0.056,94.2,0.0391,0.0002,17.19,604.57,2.1908,386.75,1183.88,90.48,6160.8,1325.7,229846.0,3000750.0,3.7,209074.0
2004-05-31,47.13,12181.398,4.66,148.34,131715.0,0.25,0.01,-608.021,8212.9,0.056,90.2,0.0428,0.0006,15.5,604.71,2.1145,395.55,1181.29,88.9,6237.5,1318.91,229846.0,2975600.0,3.0,209074.0
2004-06-30,48.2,12181.398,4.62,150.52,131792.0,0.3,0.0103,-608.021,8204.6,0.056,95.6,0.041,0.0102,14.34,637.46,1.9034,394.25,1191.74,88.8,6239.3,1324.34,229846.0,2950750.0,2.6,209074.0
2004-07-31,44.02,12367.744,4.5,152.34,131837.0,0.28,0.0126,-637.979,8270.7,0.055,96.7,0.0402,0.001,15.32,651.68,1.7976,391.05,1202.42,89.96,6252.4,1338.33,266290.0,2917000.0,4.1,212433.0
2004-08-31,41.71,12367.744,4.13,153.81,131956.0,0.23,0.0143,-637.979,8294.4,0.054,95.9,0.0406,0.0008,15.29,639.45,1.7256,409.85,1220.96,88.94,6278.2,1366.65,266290.0,2891500.0,3.1,212433.0
2004-09-30,42.97,12367.744,4.14,155.11,132118.0,0.34,0.0161,-637.979,8373.0,0.054,94.2,0.0383,0.0006,13.34,698.74,1.5144,418.25,1222.82,87.37,6313.1,1371.43,266290.0,2862750.0,4.0,212433.0
2004-10-31,45.44,12562.163,4.05,156.3,132464.0,0.3,0.0176,-684.036,8417.9,0.055,91.7,0.0363,0.0,16.27,695.63,1.4751,428.55,1232.67,84.91,6341.2,1383.31,296998.0,2778000.0,3.9,212636.0
2004-11-30,47.95,12562.163,4.36,157.5,132530.0,0.22,0.0193,-684.036,8458.4,0.054,92.8,0.0317,0.001,13.24,743.85,1.3525,450.95,1229.6,81.82,6368.4,1367.92,296998.0,2734500.0,2.7,212636.0
2004-12-31,48.46,12562.163,4.24,158.67,132659.0,0.38,0.0216,-684.036,8516.5,0.054,97.1,0.031,0.0,13.29,721.12,1.1531,438.45,1238.26,80.85,6387.4,1382.46,296998.0,2719000.0,3.4,212636.0
2005-01-31,45.61,12813.729,4.14,160.14,132795.0,0.27,0.0228,-676.782,8521.2,0.053,95.5,0.0329,0.0018,12.82,745.51,0.8564,422.6,1244.85,83.57,6393.8,1392.07,289534.0,2723800.0,4.3,217418.0
2005-02-28,45.86,12813.729,4.36,161.93,133034.0,0.2,0.025,-676.782,8575.7,0.054,94.1,0.0283,0.0006,12.08,861.39,0.7808,435.65,1239.08,82.51,6401.9,1382.9,289534.0,2686500.0,3.3,217418.0
2005-03-31,44.8,12813.729,4.5,164.58,133169.0,0.39,0.0263,-676.782,8622.5,0.052,92.6,0.0352,0.002,14.02,852.52,0.707,428.35,1236.78,84.06,6410.4,1373.16,289534.0,2659500.0,2.9,217418.0
2005-04-30,42.9,12974.083,4.21,167.0,133533.0,0.37,0.0279,-689.086,8715.9,0.052,87.7,0.0419,0.0006,15.31,816.67,0.5481,434.4,1250.47,84.43,6424.8,1393.75,293943.0,2604400.0,4.2,222162.0
2005-05-31,46.81,12974.083,4.0,169.54,133710.0,0.41,0.03,-689.086,8680.6,0.051,86.9,0.0413,0.0008,13.29,826.41,0.4074,417.25,1260.32,87.76,6441.2,1411.23,293943.0,2586250.0,2.0,222162.0
2005-06-30,45.77,12974.083,3.94,172.01,133955.0,0.46,0.0304,-689.086,8775.3,0.05,96.0,0.0385,0.0008,12.04,888.8,0.2799,435.5,1264.89,89.09,6473.1,1420.45,293943.0,2600000.0,3.5,222162.0
2005-07-31,48.67,13205.445,4.28,174.1,134329.0,0.36,0.0326,-731.395,8867.9,0.05,96.5,0.033,0.005,11.57,942.85,0.2613,429.8,1258.55,89.35,6504.0,1404.46,297246.0,2595200.0,4.2,228350.0
2005-08-31,48.33,13205.445,4.02,175.92,134525.0,0.43,0.035,-731.395,8872.6,0.049,89.1,0.0366,0.0156,12.6,1017.3,0.2023,435.2,1269.7,87.58,6536.2,1425.43,297246.0,2580750.0,3.7,228350.0
2005-09-30,48.64,13205.445,4.34,177.61,134592.0,0.6,0.0362,-731.395,8923.6,0.05,76.9,0.0354,0.1036,11.92,1076.31,0.1591,469.3,1263.02,89.52,6569.6,1406.78,297246.0,2716500.0,3.6,228350.0
2005-10-31,47.46,13381.629,4.57,178.75,134676.0,0.37,0.0378,-787.48,8959.6,0.05,74.2,0.0361,0.0028,15.32,985.62,0.1768,465.19,1254.22,90.07,6604.3,1394.74,304577.0,2803400.0,4.7,232657.0
2005-11-30,51.0,13381.629,4.49,179.68,135017.0,0.56,0.04,-787.48,8987.7,0.05,81.6,0.0367,0.0002,12.06,972.41,0.0772,493.08,1258.3,91.57,6623.9,1401.89,304577.0,2701250.0,3.8,232657.0
2005-12-31,49.72,13381.629,4.39,180.11,135174.0,0.55,0.0416,-787.48,9026.8,0.049,91.5,0.0371,0.0002,12.07,986.83,-0.0085,517.0,1270.61,91.17,6651.2,1415.21,304577.0,2639400.0,4.3,232657.0
2006-01-31,51.79,13648.904,4.53,180.83,135452.0,0.31,0.0429,-777.22,9100.1,0.047,91.2,0.0342,0.0002,12.95,1143.1,-0.0003,568.9,1274.7,88.96,6693.4,1412.62,271687.0,2557000.0,5.2,234546.0
2006-02-28,51.14,13648.904,4.55,181.51,135767.0,0.31,0.0449,-777.22,9134.7,0.048,86.7,0.0337,0.001,12.34,1031.64,-0.1236,561.55,1280.64,90.11,6717.6,1416.44,271687.0,2507250.0,4.8,234546.0
2006-03-31,52.2601,13648.904,4.86,182.75,136049.0,0.48,0.0459,-777.22,9168.1,0.047,88.9,0.0313,0.0012,11.39,1070.55,0.0311,583.65,1269.78,89.73,6730.6,1400.88,271687.0,2455500.0,4.1,234546.0
2006-04-30,51.94,13799.794,5.07,183.65,136232.0,0.48,0.0479,-781.568,9223.3,0.047,87.4,0.0304,0.0014,11.59,1127.66,0.1922,654.43,1269.85,86.11,6769.3,1396.49,283305.0,2401000.0,5.6,242769.0
2006-05-31,47.99,13799.794,5.12,184.38,136257.0,0.5,0.0494,-781.568,9254.1,0.046,79.1,0.0312,0.002,16.44,1098.21,0.0856,645.2,1267.44,84.72,6774.4,1395.71,283305.0,2383750.0,4.3,242769.0
2006-06-30,47.46,13799.794,5.15,184.55,136336.0,0.61,0.0499,-781.568,9283.8,0.046,84.9,0.0335,0.001,13.08,1153.4,-0.0134,615.85,1269.89,85.16,6810.9,1398.92,283305.0,2408500.0,3.7,242769.0
2006-07-31,45.74,13908.498,4.99,184.62,136542.0,0.5,0.0524,-805.59,9360.4,0.047,84.7,0.0345,0.0008,14.95,1203.48,0.0294,636.75,1288.08,85.3,6851.4,1417.13,290119.0,2449400.0,3.1,241346.0
2006-08-31,49.39,13908.498,4.74,184.42,136725.0,0.48,0.0525,-805.59,9368.6,0.047,82.0,0.0349,0.001,12.31,1145.52,-0.0496,627.3,1306.8,85.05,6881.0,1439.54,290119.0,2466250.0,3.4,241346.0
2006-09-30,51.35,13908.498,4.64,184.21,136878.0,0.6,0.0525,-805.59,9393.9,0.045,85.4,0.0344,0.0018,11.98,1083.85,-0.0553,598.3,1315.94,86.03,6907.0,1453.63,290119.0,2446200.0,3.2,241346.0
2006-10-31,53.17,14066.37,4.61,184.06,136886.0,0.42,0.0525,-719.401,9413.3,0.044,93.6,0.0329,0.0016,11.1,1134.81,-0.0945,606.6,1325.48,85.32,6957.0,1462.78,317883.0,2446250.0,3.9,236970.0
2006-11-30,55.22,14066.37,4.46,183.64,137095.0,0.47,0.0525,-719.401,9431.2,0.045,92.1,0.032,0.0012,10.91,1211.91,-0.1503,648.0,1340.68,82.95,6997.5,1479.9,317883.0,2476000.0,3.5,236970.0
2006-12-31,54.45,14066.37,4.71,183.24,137266.0,0.47,0.0524,-719.401,9516.5,0.044,91.7,0.0289,0.0008,11.56,1188.17,-0.1058,636.7,1336.99,83.65,7041.4,1468.68,317883.0,2481200.0,3.2,236970.0
2007-01-31,55.33,14233.226,4.83,182.73,137506.0,0.37,0.0525,-728.479,9553.1,0.046,96.9,0.0272,0.0028,10.42,1164.27,-0.1085,653.2,1337.85,84.6,7078.6,1467.46,286139.0,2524250.0,3.4,245394.0
2007-02-28,53.82,14233.226,4.56,182.48,137595.0,0.34,0.0526,-728.479,9590.8,0.045,91.3,0.0282,0.0004,15.42,1143.42,-0.0766,669.35,1354.35,83.57,7093.7,1492.79,286139.0,2569250.0,3.2,245394.0
2007-03-31,53.95,14233.226,4.65,182.2,137785.0,0.45,0.0526,-728.479,9631.6,0.044,88.4,0.0285,0.0004,14.64,1216.31,0.0699,663.8,1357.92,82.93,7124.3,1490.2,286139.0,2519000.0,3.8,245394.0
2007-04-30,56.62,14422.313,4.63,182.14,137865.0,0.57,0.0525,-732.975,9670.6,0.045,87.1,0.0274,0.0,14.22,1271.07,0.0312,678.45,1364.62,81.447,7199.4,1498.94,302558.0,2496000.0,2.6,252554.0
2007-05-31,59.04,14422.313,4.9,181.89,138008.0,0.76,0.0525,-732.975,9708.9,0.044,88.3,0.0246,0.0008,13.05,1367.86,-0.0202,660.5,1356.78,82.301,7211.9,1486.02,302558.0,2447750.0,3.6,252554.0
2007-06-30,59.52,14422.313,5.03,181.55,138083.0,0.68,0.0525,-732.975,9723.3,0.046,85.3,0.0298,0.002,16.23,1409.92,0.1662,649.65,1351.08,81.92,7243.7,1482.9,302558.0,2482000.0,3.2,252554.0
2007-07-31,58.89,14569.675,4.78,181.0,138049.0,0.54,0.0526,-712.113,9759.6,0.047,90.4,0.0419,0.0038,23.52,1362.51,0.2214,664.3,1360.23,80.77,7272.8,1497.69,315503.0,2542250.0,3.8,249177.0
2007-08-31,60.57,14569.675,4.54,180.25,138029.0,1.71,0.0502,-712.113,9800.6,0.046,83.4,0.0455,0.0032,23.38,1365.76,0.3972,673.3,1376.24,80.791,7348.0,1516.85,315503.0,2553000.0,3.5,249177.0
2007-09-30,62.8,14569.675,4.59,179.13,138117.0,1.51,0.0494,-712.113,9837.5,0.047,83.4,0.042,0.0056,18.0,1440.15,0.603,743.6,1386.81,77.719,7364.8,1527.47,315503.0,2537200.0,3.7,249177.0
2007-10-31,67.09,14685.33,4.48,177.54,138201.0,1.05,0.0476,-700.597,9853.9,0.047,80.9,0.0436,0.0182,18.53,1495.7,0.5256,796.8,1400.82,76.479,7379.5,1541.35,344967.0,2561750.0,3.2,256197.0
2007-11-30,61.75,14685.33,3.97,175.18,138315.0,2.05,0.0449,-700.597,9928.6,0.047,76.1,0.0575,0.026,22.87,1429.64,0.9432,783.55,1425.24,76.147,7412.8,1571.79,344967.0,2616750.0,2.8,256197.0
2007-12-31,62.46,14685.33,4.04,173.36,138413.0,1.41,0.0424,-700.597,9947.6,0.05,75.5,0.0592,0.078,22.5,1559.7,0.9766,833.7,1429.28,76.695,7444.2,1574.82,344967.0,2712000.0,3.0,256197.0
2008-01-31,54.38,14668.445,3.67,171.09,138430.0,1.19,0.0394,-756.759,9963.2,0.05,78.4,0.0695,0.1954,26.2,1370.21,1.5002,926.1,1455.66,75.178,7476.4,1604.8,320617.0,2798750.0,3.9,255761.0
2008-02-29,52.4,14668.445,3.53,169.21,138346.0,1.25,0.0298,-756.759,9955.7,0.049,70.8,0.0767,0.3808,26.54,1420.75,1.8934,973.9,1455.9,73.714,7559.6,1614.9,320617.0,2844250.0,2.8,255761.0
2008-03-31,52.5,14668.445,3.45,167.92,138268.0,1.33,0.0261,-756.759,10004.2,0.051,69.5,0.0821,0.5098,25.61,1337.68,1.8272,916.9,1464.08,71.802,7622.4,1614.7,320617.0,2912800.0,2.6,255761.0
2008-04-30,56.43,14812.974,3.77,167.34,138058.0,1.44,0.0228,-759.427,10044.6,0.05,62.6,0.0686,0.6208,20.79,1484.75,1.4742,877.55,1465.48,72.509,7668.1,1605.16,319326.0,2964000.0,2.6,260758.0
2008-05-31,59.96,14812.974,4.06,167.03,137872.0,0.83,0.0198,-759.427,10093.3,0.054,59.8,0.0653,0.7004,17.83,1569.59,1.4184,886.5,1457.71,72.879,7677.6,1588.62,319326.0,3013600.0,2.1,260758.0
2008-06-30,54.19,14812.974,3.99,166.55,137710.0,0.91,0.02,-759.427,10149.4,0.056,56.4,0.0735,0.773,23.95,1535.17,1.3526,925.4,1456.88,72.463,7693.9,1590.25,319326.0,3057750.0,2.5,260758.0
2008-07-31,53.49,14842.983,3.99,165.73,137497.0,1.14,0.0201,-773.628,10151.1,0.058,61.2,0.08,0.9252,22.94,1329.31,1.4383,914.1,1454.85,73.227,7738.9,1590.24,350631.0,3176250.0,2.5,270993.0
2008-08-31,54.8,14842.983,3.83,164.3,137230.0,1.12,0.02,-773.628,10140.3,0.061,63.0,0.0836,0.9946,20.65,1326.7,1.4447,831.15,1473.05,77.381,7752.7,1604.93,350631.0,3378000.0,2.7,270993.0
2008-09-30,47.43,14842.983,3.85,161.93,136780.0,3.15,0.0181,-773.628,10083.2,0.061,70.3,0.1096,0.9998,39.39,1156.26,1.8635,870.95,1484.13,79.448,7821.3,1564.24,350631.0,3521750.0,2.2,270993.0
2008-10-31,39.49,14549.949,4.01,159.17,136306.0,2.59,0.0097,-602.442,9983.3,0.065,57.6,0.1617,0.8774,59.89,956.71,2.405,723.85,1465.48,85.633,7929.6,1525.06,379250.0,3731000.0,2.1,262976.0
2008-11-30,34.55,14549.949,2.93,156.08,135540.0,2.21,0.0039,-602.442,9851.2,0.068,55.3,0.1988,0.9984,55.28,968.23,1.9393,818.05,1523.05,86.517,7988.8,1592.57,379250.0,4096600.0,2.2,262976.0
2008-12-31,35.33,14549.949,2.25,152.56,134846.0,1.32,0.0016,-602.442,9744.2,0.073,60.1,0.1812,1.0,40.0,979.68,1.448,882.05,1548.48,81.308,8166.6,1664.64,379250.0,4522250.0,2.4,262976.0
2009-01-31,34.35,14383.885,2.87,149.37,134053.0,0.94,0.0015,-393.864,9792.1,0.078,61.2,0.1626,1.0,44.84,935.31,1.894,927.85,1551.41,85.999,8246.1,1639.05,346625.0,4861200.0,3.1,253502.0
2009-02-28,33.15,14383.885,3.02,147.63,133351.0,1.0,0.0022,-393.864,9775.7,0.083,56.3,0.1738,0.9976,46.35,825.85,2.043,942.32,1560.35,88.008,8273.7,1625.52,346625.0,5297000.0,2.4,253502.0
2009-03-31,37.03,14383.885,2.71,146.53,132528.0,0.98,0.0018,-393.864,9742.9,0.087,57.3,0.1703,0.999,44.14,851.07,1.8669,919.35,1582.47,85.43,8335.1,1643.41,346625.0,5765750.0,2.2,253502.0
2009-04-30,41.61,14340.417,3.16,146.96,131841.0,0.88,0.0015,-341.722,9741.9,0.09,65.1,0.1345,0.983,36.5,876.4,2.22,888.2,1586.97,84.614,8340.4,1646.5,343514.0,6184500.0,1.9,245530.0
2009-05-31,42.69,14340.417,3.47,148.19,131492.0,0.52,0.0018,-341.722,9759.7,0.094,68.7,0.117,0.897,28.92,987.24,2.5448,979.18,1591.61,79.348,8395.6,1659.6,343514.0,6525600.0,2.3,245530.0
2009-06-30,44.49,14340.417,3.53,149.81,131021.0,0.4,0.0021,-341.722,9807.6,0.095,70.8,0.1055,0.5966,26.35,918.9,2.4235,926.5,1593.6,80.133,8404.1,1673.87,343514.0,6534250.0,2.0,245530.0
2009-07-31,48.51,14384.145,3.52,150.76,130692.0,0.3,0.0016,-405.562,9835.2,0.095,66.0,0.0922,0.026,25.92,961.2,2.3683,954.0,1606.64,78.347,8408.0,1703.76,332779.0,6139000.0,1.7,236912.0
2009-08-31,49.62,14384.145,3.4,150.68,130479.0,0.2,0.0016,-405.562,9961.9,0.096,65.7,0.0912,0.0072,26.01,978.88,2.4292,951.19,1617.37,78.172,8407.3,1723.83,332779.0,6047800.0,1.5,236912.0
2009-09-30,51.95,14384.145,3.31,149.64,130259.0,0.15,0.0015,-405.562,9875.4,0.098,73.5,0.0793,0.003,25.61,1024.44,2.3607,1007.7,1630.37,76.653,8405.1,1743.5,332779.0,5984750.0,1.9,236912.0
2009-10-31,51.47,14566.511,3.41,148.6,130055.0,0.23,0.0012,-440.601,9924.6,0.1,70.6,0.076,0.0036,30.69,1052.8,2.4937,1045.45,1642.02,76.3,8433.3,1747.65,368193.0,5765600.0,1.7,229701.0
2009-11-30,54.12,14566.511,3.21,147.96,130053.0,0.2,0.0012,-440.601,9946.1,0.099,67.4,0.0765,0.001,24.51,1068.57,2.5346,1179.63,1663.08,74.879,8474.2,1771.3,368193.0,5460500.0,2.1,229701.0
2009-12-31,57.54,14566.511,3.85,146.69,129778.0,0.19,0.0012,-440.601,10000.6,0.099,72.5,0.0639,0.001,21.68,1068.21,2.7014,1096.98,1639.67,77.86,8471.0,1739.89,368193.0,5141750.0,1.6,229701.0
2010-01-31,52.49,14681.063,3.63,145.0,129801.0,0.17,0.0011,-488.704,10003.4,0.098,74.4,0.0654,0.0002,24.62,1016.78,2.7726,1081.2,1661.42,79.462,8431.1,1765.83,651544.0,4839000.0,2.9,222751.0
2010-02-28,55.07,14681.063,3.61,143.06,129733.0,0.12,0.0013,-488.704,10034.7,0.098,73.6,0.0671,0.0002,19.5,1021.07,2.7999,1117.59,1664.37,80.362,8477.3,1773.06,651544.0,4793750.0,1.8,222751.0
2010-03-31,58.39,14681.063,3.84,143.6,129897.0,0.13,0.0016,-488.704,10095.5,0.099,73.6,0.0584,0.0,17.59,1081.2,2.8099,1113.25,1664.92,81.073,8471.0,1766.8,651544.0,4731750.0,2.3,222751.0
2010-04-30,59.56,14888.6,3.69,145.4,130140.0,0.19,0.002,-523.229,10106.9,0.099,72.2,0.0561,0.0,22.05,1096.24,2.6929,1179.03,1674.95,81.866,8502.2,1788.39,632283.0,4728000.0,3.6,215120.0
2010-05-31,55.13,14888.6,3.31,147.03,130664.0,0.38,0.002,-523.229,10140.2,0.096,73.6,0.0698,0.0,32.07,963.48,2.519,1216.3,1693.71,86.588,8554.6,1802.96,632283.0,4674800.0,2.9,215120.0
2010-06-30,51.6,14888.6,2.97,147.69,130527.0,0.35,0.0018,-523.229,10165.9,0.094,76.0,0.0713,0.0018,34.54,883.62,2.3297,1242.38,1712.72,86.019,8572.7,1835.41,632283.0,4583250.0,2.9,215120.0
2010-07-31,55.44,15057.66,2.94,147.54,130459.0,0.3,0.0018,-535.014,10184.3,0.094,67.8,0.0659,0.0008,23.5,978.64,2.3591,1181.0,1727.41,81.539,8582.3,1856.14,621840.0,4528600.0,3.4,213970.0
2010-08-31,51.54,15057.66,2.47,146.4,130423.0,0.16,0.0019,-535.014,10247.1,0.095,68.9,0.0692,0.0008,26.05,925.89,1.9989,1247.4,1730.06,83.202,8632.8,1890.68,621840.0,4461250.0,2.9,213970.0
2010-09-30,57.85,15057.66,2.53,144.58,130371.0,0.13,0.0019,-535.014,10268.9,0.095,68.2,0.0626,0.001,23.7,1032.7,2.0876,1308.54,1723.47,78.72,8662.6,1895.69,621840.0,4467750.0,3.5,213970.0
2010-10-31,61.67,15230.208,2.63,143.12,130633.0,0.17,0.0019,-503.682,10343.7,0.094,67.7,0.0593,0.0006,21.2,1079.56,2.2636,1359.4,1740.35,77.266,8713.0,1895.84,635058.0,4363400.0,3.6,214375.0
2010-11-30,60.94,15230.208,2.81,141.82,130752.0,0.13,0.0019,-503.682,10399.8,0.098,71.6,0.0622,0.0004,23.54,1093.86,2.344,1386.23,1737.22,81.195,8742.0,1880.92,635058.0,4195500.0,3.4,214375.0
2010-12-31,64.38,15230.208,3.3,140.64,130839.0,0.18,0.0018,-503.682,10436.1,0.093,74.5,0.0541,0.0002,17.75,1213.16,2.7001,1421.4,1727.67,79.028,8775.2,1854.6,635058.0,4100000.0,2.6,214375.0
2011-01-31,66.93,15238.371,3.42,139.05,130882.0,0.15,0.0017,-562.477,10474.7,0.091,74.2,0.0508,0.0006,19.53,1293.4,2.8084,1332.68,1728.56,77.735,8810.6,1856.06,599124.0,3918400.0,3.7,211561.0
2011-02-28,68.31,15238.371,3.42,137.75,131071.0,0.16,0.0016,-562.477,10512.4,0.09,77.5,0.0478,0.0018,18.35,1365.09,2.747,1411.33,1732.9,76.889,8852.1,1860.33,599124.0,3849250.0,2.6,211561.0
2011-03-31,66.54,15238.371,3.47,137.79,131296.0,0.21,0.0014,-562.477,10583.5,0.09,67.5,0.0477,0.0008,17.74,1378.83,2.6492,1432.2,1737.73,75.857,8895.6,1859.73,599124.0,3765500.0,2.7,211561.0
2011-04-30,68.4,15460.926,3.32,139.15,131642.0,0.23,0.001,-586.949,10624.6,0.091,69.8,0.0476,0.0036,14.75,1402.96,2.685,1563.7,1756.8,72.933,8958.3,1884.25,600821.0,3770800.0,3.4,207199.0
2011-05-31,67.18,15460.926,3.05,140.68,131719.0,0.19,0.0009,-586.949,10653.1,0.09,74.3,0.0509,0.0036,15.45,1332.19,2.5922,1535.73,1775.67,74.638,9008.6,1911.83,600821.0,3773750.0,2.6,207199.0
2011-06-30,65.02,15460.926,3.18,141.93,131944.0,0.22,0.0009,-586.949,10676.4,0.091,71.5,0.0542,0.0008,16.52,1304.31,2.7024,1500.18,1777.33,74.303,9092.7,1902.93,600821.0,3741750.0,3.1,207199.0
2011-07-31,65.73,15587.125,2.82,142.33,132013.0,0.16,0.0007,-572.402,10727.1,0.09,63.7,0.0558,0.0004,25.25,1284.51,2.4407,1627.05,1793.85,73.897,9281.2,1940.12,596880.0,3721600.0,2.9,205055.0
2011-08-31,61.36,15587.125,2.23,141.77,132123.0,0.31,0.001,-572.402,10745.6,0.09,55.8,0.073,0.0004,31.62,1164.26,2.0239,1825.55,1816.19,74.117,9494.6,1972.8,596880.0,3716000.0,2.0,205055.0
2011-09-30,59.14,15587.125,1.92,140.16,132371.0,0.35,0.0008,-572.402,10790.6,0.09,59.5,0.0841,0.0012,42.96,1031.82,1.6724,1623.79,1819.29,78.553,9518.6,1993.19,596880.0,3742750.0,2.4,205055.0
2011-10-31,66.14,15785.312,2.17,138.4,132580.0,0.42,0.0007,-598.149,10827.6,0.088,60.8,0.0707,0.0006,29.96,1221.26,1.8751,1714.7,1819.24,76.166,9551.5,1995.61,613087.0,3701600.0,3.0,206873.0
2011-11-30,64.78,15785.312,2.08,136.65,132721.0,0.52,0.0008,-598.149,10828.7,0.086,63.7,0.0779,0.0014,27.8,1232.75,1.8141,1746.35,1822.55,78.384,9596.9,1990.95,613087.0,3652500.0,1.9,206873.0
2011-12-31,63.9,15785.312,1.89,135.16,132930.0,0.56,0.0007,-598.149,10827.3,0.085,69.9,0.0723,0.0002,23.4,1229.1,1.6371,1564.91,1835.33,80.178,9636.2,2016.64,613087.0,3573400.0,2.4,206873.0
2012-01-31,69.19,15973.881,1.83,134.16,133288.0,0.48,0.0008,-614.716,10905.6,0.083,75.0,0.0661,0.0004,19.44,1260.09,1.5824,1737.76,1842.81,79.288,9714.2,2038.16,579715.0,3451250.0,3.0,207555.0
2012-02-29,74.17,15973.881,1.98,134.0,133525.0,0.4,0.001,-614.716,10975.9,0.083,75.3,0.0598,0.0006,18.43,1328.04,1.6773,1696.76,1844.51,78.737,9749.8,2035.86,579715.0,3381750.0,2.2,207555.0
2012-03-31,77.81,15973.881,2.23,135.88,133758.0,0.4,0.0013,-614.716,10987.2,0.082,76.2,0.0599,0.0022,15.5,1267.43,1.8801,1668.15,1845.71,79.004,9798.1,2018.34,579715.0,3336800.0,3.1,207555.0
2012-04-30,75.71,16121.851,1.95,138.5,133836.0,0.37,0.0014,-580.908,11017.4,0.082,76.4,0.0604,0.001,17.15,1235.54,1.6578,1664.75,1857.68,78.776,9851.8,2045.5,589253.0,3323000.0,3.4,209549.0
2012-05-31,69.65,16121.851,1.59,141.08,133951.0,0.4,0.0016,-580.908,11010.3,0.082,79.3,0.0696,0.0014,24.06,1092.64,1.296,1560.51,1863.56,83.043,9882.2,2070.41,589253.0,3328000.0,2.7,209549.0
2012-06-30,71.23,16121.851,1.67,143.19,134027.0,0.37,0.0016,-580.908,10997.4,0.082,73.2,0.0644,0.0014,17.08,1165.53,1.3438,1597.45,1865.72,81.627,9952.7,2070.09,589253.0,3324400.0,3.0,209549.0
2012-07-31,71.52,16227.939,1.51,144.3,134170.0,0.33,0.0016,-535.18,11034.9,0.082,72.3,0.0616,0.0022,18.93,1196.76,1.2566,1614.58,1880.71,82.635,10027.7,2103.96,590196.0,3305750.0,3.1,211290.0
2012-08-31,75.39,16227.939,1.57,144.72,134347.0,0.33,0.0013,-535.18,11054.9,0.081,74.3,0.0598,0.0028,17.47,1229.57,1.3279,1691.85,1882.83,81.208,10100.4,2104.42,590196.0,3306250.0,3.1,211290.0
2012-09-30,75.87,16227.939,1.65,144.37,134550.0,0.26,0.0014,-535.18,11131.0,0.078,78.3,0.0574,0.0014,15.73,1258.11,1.4031,1772.25,1886.74,79.935,10183.1,2105.97,590196.0,3314400.0,3.6,211290.0
2012-10-31,70.29,16297.349,1.72,143.98,134696.0,0.2,0.0016,-531.843,11144.7,0.078,82.6,0.0563,0.0008,18.6,1228.79,1.4087,1720.65,1883.58,79.919,10244.5,2113.33,611381.0,3276250.0,3.6,212811.0
2012-11-30,70.86,16297.349,1.62,143.98,134828.0,0.23,0.0016,-531.843,11161.7,0.077,82.7,0.0565,0.0002,15.87,1216.57,1.3695,1714.98,1880.34,80.153,10304.2,2119.61,611381.0,3326250.0,2.7,212811.0
2012-12-31,70.72,16297.349,1.78,143.89,135072.0,0.26,0.0016,-531.843,11186.5,0.079,72.9,0.0534,0.001,18.02,1241.84,1.5106,1675.35,1882.91,79.769,10428.7,2113.76,611381.0,3190200.0,2.7,212811.0
2013-01-31,71.73,16475.44,2.02,144.33,135283.0,0.23,0.0014,-519.513,11225.4,0.08,73.8,0.0495,0.0304,14.28,1352.77,1.7231,1663.7,1873.49,79.207,10453.3,2096.79,580649.0,3140500.0,2.9,217230.0
2013-02-28,71.85,16475.44,1.89,145.18,135569.0,0.18,0.0015,-519.513,11283.0,0.077,77.6,0.0498,0.0038,15.51,1322.83,1.6413,1579.61,1879.84,81.949,10439.3,2109.06,580649.0,3064000.0,4.1,217230.0
2013-03-31,73.31,16475.44,1.87,147.99,135699.0,0.21,0.0014,-519.513,11261.6,0.075,78.6,0.0486,0.003,12.7,1358.7,1.6065,1597.5,1882.03,82.976,10518.2,2110.31,580649.0,3040800.0,3.8,217230.0
2013-04-30,73.63,16541.39,1.7,151.0,135896.0,0.22,0.0015,-514.719,11253.9,0.076,76.4,0.0455,0.0024,13.52,1366.66,1.4643,1476.71,1892.04,81.746,10554.3,2136.15,587600.0,3040000.0,4.3,217735.0
2013-05-31,76.77,16541.39,2.16,153.9,136122.0,0.24,0.0011,-514.719,11279.5,0.075,84.5,0.0462,0.0014,16.3,1384.56,1.8349,1387.8,1863.03,83.375,10590.5,2095.1,587600.0,3002250.0,3.7,217735.0
2013-06-30,73.63,16541.39,2.52,156.46,136284.0,0.23,0.0009,-514.719,11320.2,0.075,84.1,0.0521,0.0022,16.86,1329.77,2.1303,1234.53,1845.11,83.136,10646.7,2057.33,587600.0,2989600.0,4.2,217735.0
2013-07-31,77.25,16749.349,2.6,158.32,136406.0,0.23,0.0009,-492.902,11343.1,0.073,85.1,0.0471,0.0034,13.45,1395.51,2.2673,1325.07,1843.45,81.452,10705.6,2061.98,590795.0,3020250.0,4.5,221232.0
2013-08-31,76.77,16749.349,2.78,159.43,136667.0,0.23,0.0008,-492.902,11370.2,0.073,82.1,0.0476,0.001,17.01,1368.33,2.3852,1395.27,1838.18,82.087,10767.3,2049.36,590795.0,2936400.0,3.2,221232.0
2013-09-30,78.8,16749.349,2.64,159.71,136857.0,0.23,0.0008,-492.902,11423.9,0.072,77.5,0.0483,0.0006,16.6,1399.22,2.2932,1329.03,1864.06,80.221,10820.4,2064.76,590795.0,2896250.0,3.4,221232.0
2013-10-31,82.282,16999.888,2.57,159.61,137069.0,0.2,0.0009,-440.885,11465.2,0.072,73.2,0.0436,0.0016,13.75,1463.81,2.2492,1323.06,1876.76,80.195,10929.9,2082.7,597481.0,2925500.0,3.8,225610.0
2013-11-30,85.2,16999.888,2.75,159.42,137327.0,0.18,0.0008,-440.885,11542.0,0.069,75.1,0.0427,0.0012,13.7,1475.17,2.4631,1253.35,1865.08,80.68,10937.3,2076.82,597481.0,2850800.0,2.6,225610.0
2013-12-31,88.44,16999.888,3.04,159.34,137374.0,0.18,0.0009,-440.885,11566.0,0.067,82.5,0.04,0.0012,13.72,1503.14,2.6483,1201.64,1856.28,80.035,10994.7,2064.05,597481.0,2860750.0,2.8,225610.0
2014-01-31,86.93,17031.324,2.67,159.43,137564.0,0.22,0.0007,-516.444,11576.3,0.066,81.2,0.0421,0.0046,18.41,1407.37,2.3163,1244.55,1885.3,81.311,11043.4,2094.27,567500.0,2893000.0,3.4,232710.0
2014-02-28,90.974,17031.324,2.66,159.93,137715.0,0.19,0.0007,-516.444,11629.1,0.067,81.6,0.0381,0.0006,14.0,1474.77,2.3307,1326.39,1891.79,79.691,11108.5,2107.14,567500.0,2866750.0,2.7,232710.0
2014-03-31,91.06,17031.324,2.73,161.25,137987.0,0.18,0.0008,-516.444,11715.1,0.067,80.0,0.0377,0.0,13.88,1508.94,2.2997,1284.01,1885.7,80.1,11163.1,2104.91,567500.0,2790400.0,3.3,232710.0
2014-04-30,90.88,17320.921,2.67,163.03,138316.0,0.19,0.0009,-512.654,11748.4,0.062,84.1,0.0371,0.0004,13.41,1610.69,2.2355,1291.6,1903.14,79.474,11221.9,2122.23,583069.0,2723500.0,4.1,231594.0
2014-05-31,94.24,17320.921,2.48,164.74,138562.0,0.19,0.0009,-512.654,11787.3,0.063,81.9,0.0367,0.0006,11.4,1627.21,2.1029,1249.68,1926.04,80.369,11291.5,2146.18,583069.0,2652000.0,3.6,231594.0
2014-06-30,96.88,17320.921,2.53,166.26,138866.0,0.19,0.001,-512.654,11840.1,0.061,82.5,0.0353,0.0002,11.57,1681.83,2.0737,1327.33,1931.09,79.775,11345.1,2145.31,583069.0,2584000.0,4.2,231594.0
2014-07-31,97.85,17622.257,2.58,167.19,139068.0,0.21,0.0009,-489.127,11881.1,0.062,81.8,0.0404,0.0002,16.95,1641.89,2.0302,1282.59,1919.76,81.456,11412.4,2142.96,583607.0,2536000.0,3.8,234835.0
2014-08-31,102.0,17622.257,2.35,167.5,139298.0,0.2,0.0009,-489.127,11966.8,0.062,82.5,0.0384,0.0004,11.98,1689.23,1.8549,1287.32,1937.74,82.748,11448.7,2168.63,583607.0,2504200.0,4.0,234835.0
2014-09-30,100.76,17622.257,2.52,167.3,139578.0,0.22,0.0009,-489.127,11975.6,0.059,84.6,0.044,0.0,16.31,1552.04,1.9218,1208.15,1934.61,85.936,11485.0,2149.01,583607.0,2440750.0,3.4,234835.0
2014-10-31,101.63,17735.933,2.35,166.97,139805.0,0.22,0.0009,-519.811,12050.4,0.057,86.9,0.043,0.0002,14.03,1485.08,1.8439,1172.94,1953.34,86.917,11538.9,2170.4,610059.0,2412750.0,4.7,238439.0
2014-11-30,106.83,17735.933,2.18,166.73,140117.0,0.21,0.0009,-519.811,12098.2,0.058,88.8,0.0467,0.0004,13.33,1335.9,1.6955,1167.38,1966.13,88.356,11577.3,2186.4,610059.0,2406800.0,3.3,238439.0
2014-12-31,104.4,17735.933,2.17,166.53,140372.0,0.22,0.0012,-519.811,12095.6,0.056,93.6,0.0504,0.0024,19.2,1348.13,1.5067,1184.37,1969.17,90.269,11646.9,2188.09,610059.0,2387500.0,3.2,238439.0
2015-01-31,100.36,17874.715,1.68,166.32,140606.0,0.23,0.0011,-538.223,12088.3,0.057,98.1,0.0526,0.0058,20.97,1303.99,1.1919,1283.79,1985.88,94.804,11714.8,2245.87,576491.0,2373200.0,4.3,245291.0
2015-02-28,108.77,17874.715,2.0,166.7,140844.0,0.24,0.0011,-538.223,12128.6,0.055,95.4,0.0446,0.0058,13.34,1376.31,1.3746,1213.18,1982.65,95.293,11832.5,2217.29,576491.0,2365500.0,3.5,245291.0
2015-03-31,104.96,17874.715,1.94,168.17,140930.0,0.24,0.0011,-538.223,12209.6,0.054,93.0,0.0482,0.0046,15.29,1330.63,1.368,1183.57,1989.99,98.357,11854.4,2228.35,576491.0,2342750.0,3.1,245291.0
2015-04-30,107.27,18093.224,2.05,170.05,141192.0,0.27,0.0012,-507.064,12228.3,0.054,95.9,0.0459,0.0032,14.55,1427.15,1.4647,1184.37,1990.82,94.6,11898.2,2216.45,592409.0,2282500.0,5.0,251461.0
2015-05-31,109.78,18093.224,2.12,171.94,141536.0,0.27,0.0012,-507.064,12302.8,0.055,90.7,0.0458,0.005,13.84,1340.01,1.5161,1190.58,1990.36,96.907,11932.8,2208.9,592409.0,2240800.0,3.8,251461.0
2015-06-30,104.67,18093.224,2.35,173.54,141742.0,0.27,0.0013,-507.064,12321.5,0.053,96.1,0.05,0.0032,18.23,1303.71,1.7104,1172.35,1975.18,95.485,11977.4,2181.63,592409.0,2265500.0,3.3,251461.0
2015-07-31,106.91,18227.689,2.2,174.59,141996.0,0.23,0.0013,-530.779,12374.9,0.052,93.1,0.0536,0.0008,12.12,1211.56,1.5195,1095.8,1987.63,97.336,12036.2,2197.49,600853.0,2244750.0,4.2,251563.0
2015-08-31,100.64,18227.689,2.21,175.04,142153.0,0.27,0.0014,-530.779,12408.3,0.051,91.9,0.057,0.0016,28.43,1143.61,1.4804,1134.93,1989.31,95.824,12086.9,2192.38,600853.0,2252800.0,3.8,251563.0
2015-09-30,98.9,18227.689,2.06,175.16,142253.0,0.34,0.0014,-530.779,12440.1,0.05,87.2,0.0662,0.0024,24.5,1058.36,1.4079,1115.09,2000.94,96.35,12139.5,2207.74,600853.0,2230500.0,4.2,251563.0
2015-10-31,109.24,18287.226,2.16,175.17,142574.0,0.25,0.0012,-520.103,12454.1,0.05,90.0,0.059,0.0026,15.07,1196.1,1.4181,1142.11,2002.26,96.946,12168.7,2207.82,642748.0,2192200.0,4.4,250633.0
2015-11-30,110.3,18287.226,2.21,175.27,142846.0,0.2,0.0012,-520.103,12499.2,0.05,91.3,0.064,0.0054,16.13,1190.99,1.2756,1064.77,1999.54,100.17,12271.0,2200.76,642748.0,2205000.0,4.3,250633.0
2015-12-31,107.03,18287.226,2.27,175.25,143085.0,0.45,0.0024,-520.103,12531.4,0.05,92.6,0.0695,0.0044,18.21,1072.71,1.2217,1061.1,1998.89,98.631,12330.8,2191.31,642748.0,2216000.0,4.5,250633.0
2016-01-31,101.01,18325.187,1.94,175.19,143211.0,0.29,0.0034,-526.236,12536.6,0.049,92.0,0.0777,0.002,20.2,1012.09,1.1472,1118.21,2024.83,99.606,12460.8,2222.17,614973.0,2232600.0,4.7,255902.0
2016-02-29,99.74,18325.187,1.74,175.44,143448.0,0.3,0.0038,-526.236,12584.5,0.049,91.7,0.0775,0.003,20.55,981.09,0.961,1238.67,2032.39,98.211,12528.6,2241.04,614973.0,2220750.0,3.5,255902.0
2016-03-31,108.5,18325.187,1.78,176.76,143673.0,0.42,0.0036,-526.236,12593.3,0.05,91.0,0.0705,0.0032,13.95,1072.21,1.0476,1232.75,2038.4,94.586,12601.2,2267.31,614973.0,2187250.0,3.7,255902.0
2016-04-30,102.28,18538.039,1.83,178.65,143826.0,0.42,0.0037,-501.567,12699.8,0.05,89.0,0.0621,0.0008,15.7,1160.27,1.0517,1293.53,2041.7,93.082,12686.8,2278.08,641020.0,2153000.0,4.3,262012.0
2016-05-31,108.09,18538.039,1.84,180.51,143869.0,0.35,0.0037,-501.567,12750.4,0.047,94.7,0.0597,0.0012,14.19,1115.32,0.9688,1215.32,2044.34,95.891,12761.3,2277.65,641020.0,2151000.0,3.6,262012.0
2016-06-30,105.28,18538.039,1.49,182.1,144166.0,0.39,0.0038,-501.567,12814.8,0.049,93.5,0.0621,0.0002,15.63,1145.44,0.888,1321.9,2060.95,96.143,12830.5,2327.79,641020.0,2145000.0,3.4,262012.0
2016-07-31,114.13,18729.13,1.46,183.23,144457.0,0.49,0.0039,-492.834,12849.4,0.049,90.0,0.0569,0.001,11.87,1116.01,0.7977,1351.28,2065.17,95.53,12894.9,2346.38,652906.0,2143200.0,3.8,263044.0
2016-08-31,116.57,18729.13,1.58,183.88,144633.0,0.51,0.004,-492.834,12883.7,0.049,89.8,0.051,0.0014,13.42,1125.81,0.7747,1308.97,2067.55,96.022,12982.0,2341.61,652906.0,2144750.0,3.7,263044.0
2016-09-30,119.0,18729.13,1.6,184.19,144882.0,0.57,0.004,-492.834,12965.2,0.049,91.2,0.0497,0.0008,13.29,1152.5,0.8325,1315.87,2073.24,95.463,13038.1,2337.19,652906.0,2096500.0,4.1,263044.0
2016-10-31,118.59,18905.545,1.84,184.28,145006.0,0.54,0.004,-564.32,13006.2,0.048,87.2,0.0491,0.0004,17.06,1144.47,0.9846,1277.21,2067.79,98.445,13087.5,2314.58,681551.0,2054800.0,4.1,262175.0
2016-11-30,118.94,18905.545,2.37,184.52,145170.0,0.45,0.0041,-564.32,13046.9,0.046,93.8,0.0467,0.0006,13.33,1219.8,1.2679,1173.2,2032.37,101.5,13164.7,2253.23,681551.0,2041000.0,3.8,262175.0
2016-12-31,120.25,18905.545,2.45,184.72,145325.0,0.5,0.0054,-564.32,13117.7,0.047,98.2,0.0422,0.0004,14.04,1267.99,1.256,1147.5,2032.34,102.21,13199.5,2258.05,681551.0,2071400.0,4.1,262175.0
2017-01-31,125.92,19057.705,2.45,184.95,145541.0,0.51,0.0065,-582.844,13160.0,0.048,98.5,0.04,0.0026,11.99,1232.99,1.2487,1210.72,2031.65,99.512,13278.1,2264.34,643314.0,2068500.0,4.1,264971.0
2017-02-28,132.15,19057.705,2.36,185.33,145773.0,0.53,0.0066,-582.844,13175.0,0.047,96.3,0.0374,0.0014,12.92,1197.73,1.1298,1248.44,2041.37,101.12,13317.6,2281.67,643314.0,2059750.0,4.0,264971.0
2017-03-31,135.17,19057.705,2.4,186.83,145823.0,0.4,0.0079,-582.844,13239.7,0.045,96.9,0.0392,0.0012,12.37,1182.27,1.1334,1249.2,2041.95,100.35,13400.4,2279.64,643314.0,2024750.0,3.7,264971.0
2017-04-30,138.21,19250.009,2.29,188.84,146030.0,0.38,0.009,-567.236,13281.7,0.044,97.0,0.0381,0.0006,10.82,1157.03,1.0183,1268.28,2055.27,99.05,13452.7,2298.42,669080.0,1978400.0,5.1,270544.0
2017-05-31,144.2,19250.009,2.21,190.92,146175.0,0.25,0.0091,-567.236,13310.3,0.043,97.1,0.0374,0.0008,10.41,1121.39,0.921,1268.92,2068.03,96.922,13517.7,2317.54,669080.0,1917750.0,3.8,270544.0
2017-06-30,139.72,19250.009,2.31,192.66,146385.0,0.29,0.0104,-567.236,13329.1,0.044,95.1,0.0377,0.0026,11.18,1111.81,0.922,1241.61,2059.72,95.628,13543.9,2318.18,669080.0,1947000.0,4.3,270544.0
2017-07-31,144.81,19495.476,2.3,194.01,146523.0,0.26,0.0115,-531.687,13377.7,0.043,93.4,0.0361,0.0092,10.26,1152.32,0.9451,1269.44,2069.03,92.863,13620.3,2327.87,687001.0,1962800.0,4.4,272702.0
