"Date","beat_mkt","GDP","CSUSHPINSA","DGS10","TEDRATE","FEDFUNDS","PCE","UNRATE","RECPROUSM156N","VIXCLS","XOI.Index","YIELD_SLOPE","XAU.Curncy","CSENT","PAYEMS","OAS","SP500","TELECOMEXPORT","PPI_TELECOM","PPI_SOFTWARE","PPI_Semiconductor"
2000-10-31,0,0.0110876765457117,0.00550681351502713,0.0577,0.0057,0.0651,0.00094024388479852,0.039,0.0268,0.148760330578512,-0.014828738512949,-0.00163,-0.0331814038286236,0.0170132325141776,0.00172256178179375,0.0809,-0.00494949565265812,0.0318225650916104,-0.0192926045016076,0.000964320154291265,-0.00336700336700335
2000-11-30,0,0.0110876765457117,0.00519818063677713,0.0548,0.0068,0.0651,0.00215330365917099,0.039,0.044,0.254760897164621,-0.0265384393007883,-0.00145,0.0199886856496323,-0.0855018587360594,0.00107097873880946,0.0901,-0.0800685602350637,0,-0.0185792349726777,-0.0154142581888246,-0.00225225225225223
2000-12-31,0,0.0110876765457117,0.00461723150798776,0.0512,0.0067,0.064,0.0064316100656141,0.039,0.0806,-0.0944350758853287,0.0616709562462878,0.00016,0.00665557404326123,-0.0376016260162602,-0.00018835087507818,0.0846,0.00405338606030647,0.00934579439252325,0.00222717149220486,-0.00195694716242667,-0.00790067720090282
2001-01-31,1,0.00342198479128464,0.00395256916996045,0.0519,0.0056,0.0598,0.00439884798899559,0.042,0.1576,-0.179888268156425,-0.0154219114219114,0.00542,-0.0235078053259871,-0.0432946145723337,0.000542552710502964,0.0761,0.0346365922380101,0.0092592592592593,-0.0388888888888889,0.00588235294117645,0
2001-02-28,0,0.00342198479128464,0.00384544955136423,0.0492,0.0032,0.0549,0.00278181973808089,0.042,0.1868,0.287465940054496,-0.00490548884427444,0.00506,0.00488997555012216,0.00993377483443725,-0.000203346940005122,0.0792,-0.0922906860125474,-0.00275229357798168,0.0427745664739885,-0.00682261208576984,-0.00455062571103537
2001-03-31,0,0.00342198479128464,0.0069317767238235,0.0493,0.0068,0.0531,-0.00102428406811483,0.043,0.2268,0.0102292768959436,0.0077085593559072,0.00737,-0.0344375818828373,-0.033879781420765,-0.00210921198333724,0.085,-0.0642047195832057,-0.00735970561177557,-0.00997782705099781,0.00294406280667325,-0.00228571428571434
2001-04-30,1,0.0123964122605746,0.00769927536231885,0.0535,0.0048,0.048,0.00200794634083823,0.044,0.2638,-0.110335195530726,0.104563312178906,0.01062,0.0236479937972476,0.0407239819004523,-0.000294404058246656,0.0769,0.0768143545370714,0.000926784059314123,-0.00447928331466951,0.0156555772994129,-0.00229095074455898
2001-05-31,0,0.0123964122605746,0.00853932584269668,0.0543,0.0044,0.0421,0.00666552968932099,0.043,0.27,-0.111459968602826,0.00232558139534889,0.01193,0.00681689074039005,0.00652173913043463,-0.00098163585840283,0.0806,0.00509019896595331,-0.000925925925925886,0.00674915635545559,-0.0202312138728323,-0.00229621125143498
2001-06-30,1,0.0123964122605746,0.00953654188948305,0.0542,0.0027,0.0397,0.00197653569764644,0.045,0.2748,-0.158127208480565,-0.0636515627132522,0.0117,0.0188075982697009,-0.0021598272138228,-0.000838989584435623,0.0826,-0.0250035833160802,0.00463392029657084,-0.00223463687150838,0.0147492625368733,-0.00460299194476421
2001-07-31,0,0.000103587161358387,0.00847532444601407,0.0507,0.0021,0.0377,0.00170492172859338,0.046,0.2598,0.134312696747114,-0.00103853511888508,0.01257,-0.0155067380468896,-0.00974025974025983,-0.00118011059754441,0.0805,-0.010772447362833,-0.0129151291512916,-0.00223964165733481,-0.0203488372093024,-0.0023121387283237
2001-08-31,0,0.000103587161358387,0.00665324345618479,0.0485,0.0016,0.0365,0.00519045743543578,0.049,0.2378,0.15263644773358,0.00103961479536019,0.01203,0.0290643165197826,-0.106010928961749,-0.00182527360169649,0.0924,-0.0641083856905791,-0.00373831775700939,0,0.0118694362017804,-0.00811123986095019
2001-09-30,0,0.000103587161358387,0.00417427602400222,0.046,0.0024,0.0307,-0.0127761996053792,0.05,0.2298,0.281300160513644,-0.0923567459232941,0.01737,0.0686953352769679,0.011002444987775,-0.0024811448169112,0.098,-0.0817233896152013,-0.0103189493433395,-0.00112233445566767,0,-0.00233644859813076
2001-10-31,1,0.00581146495234819,0.00181865419589511,0.043,0.0019,0.0249,0.0276974542155695,0.053,0.1704,0.0510491700595053,0.0196924682832824,0.01809,-0.0463768115942029,0.0145102781136639,-0.00221348323153336,0.0879,0.0180990258804541,0.00568720379146925,0.0067415730337077,0.00488758553274682,-0.00117096018735374
2001-11-30,1,0.00581146495234819,0.00138312586445366,0.0478,0.0028,0.0209,-0.00559984552150283,0.055,0.1238,-0.289630512514899,-0.0338012087327992,0.01911,-0.018773466833542,0.0584028605482716,-0.0013112154662438,0.0829,0.0751759799203608,-0.0122525918944392,0,-0.00875486381322954,0.0011723329425557
2001-12-31,0,0.00581146495234819,0.00189917127071815,0.0507,0.0017,0.0182,-0.00271859742565472,0.057,0.0508,-0.0016778523489932,0.0594743276283618,0.02025,0.0165816326530612,0.0472972972972974,-0.00103050288540807,0.0815,0.00757382947913454,-0.017175572519084,-0.0033482142857143,-0.0264965652600589,0
2002-01-31,1,0.012440337950927,0.00327416853351714,0.0507,0.0015,0.0173,0.00385257301808073,0.057,0.018,-0.113865546218487,-0.0226735129521722,0.01874,0.0129055386269941,-0.0247311827956989,-0.00103920714607741,0.081,-0.0155738276078321,-0.00582524271844664,-0.00223964165733481,0,0.00351288056206078
2002-02-28,0,0.012440337950927,0.00412229474407422,0.0488,0.0014,0.0174,0.00581902822228697,0.057,0.0132,0.0237079184447606,0.0351829988193626,0.01816,0.0495487524331977,0.0551267916207276,-0.000160632740012101,0.0733,-0.0207662360644134,-0.0078125,-0.00561167227833892,-0.00604838709677424,0.00116686114352382
2002-03-31,1,0.012440337950927,0.00863838522066374,0.0542,0.0027,0.0173,0.00234169456038136,0.057,0.0042,-0.194071329319129,0.0756348844282237,0.01685,0.0205698870342268,-0.0282131661442007,-0.000596731746128842,0.0716,0.0367388613302251,0.00984251968503935,-0.00338600451467264,0,0.00349650349650354
2002-04-30,0,0.00925815766289828,0.010853896379208,0.0511,0.0018,0.0175,0.00946857778938259,0.059,0.0024,0.259195402298851,-0.0428897096506264,0.018647,0.0191640508838593,0.0419354838709678,-3.82748748412043e-05,0.0703,-0.0614176522368157,-0.00974658869395717,0.0022650056625142,-0.0101419878296146,-0.00813008130081283
2002-05-31,0,0.00925815766289828,0.0132539216508683,0.0508,0.0019,0.0175,-0.00324003485079505,0.058,0.001,-0.0880876312186216,0.00799483013293933,0.018499,0.0586804992705463,-0.0464396284829721,0.000428695006468693,0.0798,-0.00908145451844145,-0.00196850393700787,0.00677966101694905,0.00717213114754101,-0.00585480093676816
2002-06-30,0,0.00925815766289828,0.0127493997847503,0.0486,0.0019,0.0175,0.00605042475893902,0.058,0.0018,0.271271271271271,0.00461597640723177,0.019861,-0.0370540499157863,-0.0465367965367967,-0.000642766958717567,0.0936,-0.0724647187810411,-0.00197238658777121,0.0258136924803594,-0.00101729399796535,-0.00117785630153133
2002-07-31,0,0.00935595064250205,0.0111174691408484,0.0451,0.0014,0.0173,0.00788748455763555,0.058,0.0062,0.261023622047244,-0.119208679004467,0.022249,-0.0346636985212274,-0.00567536889897846,-0.000107196728968417,0.0979,-0.0789949586284235,0.00988142292490113,0.00547045951859948,0.00101832993890016,0
2002-08-31,0,0.00935595064250205,0.00840811706686084,0.0414,0.0015,0.0174,0.00334042725142103,0.057,0.0062,0.019044645644708,0.0155671020763035,0.019919,0.0303080217427112,-0.0171232876712328,-0.000459463805738691,0.0985,0.00488141988986635,0.0058708414872799,-0.00435255712731231,0.0183112919633774,-0.00235849056603776
2002-09-30,0,0.00935595064250205,0.00609316122825287,0.0363,0.0025,0.0175,-0.00307423815277219,0.057,0.0046,0.215992647058823,-0.0937850343463992,0.019109,0.0345323741007195,-0.0638792102206737,0.00093467251986179,0.1068,-0.110024343117884,0.0136186770428015,0.00218579234972682,-0.000999000999000965,0
2002-10-31,1,0.0060502541574261,0.00517969559327436,0.0393,0.0027,0.0175,0.00581731999299762,0.057,0.005,-0.215419501133787,-0.0326375455486076,0.022228,-0.0179261319734199,0.0446650124069481,9.9503249163746e-05,0.0965,0.0864488273967225,0.0326295585412668,0.0109051254089423,0,-0.00354609929078009
2002-11-30,1,0.0060502541574261,0.00396384969081964,0.0422,0.0023,0.0134,0.0040833813074852,0.059,0.005,-0.11689145793192,0.0157648754853861,0.021489,0.00125885129819037,0.0296912114014252,-0.00120922686014291,0.0896,0.0570696351156068,0.0111524163568772,-0.00323624595469252,0.00499999999999989,0
2002-12-31,0,0.0060502541574261,0.00402716361339239,0.0383,0.0018,0.0124,0.0070401877383397,0.06,0.0082,0.0407272727272727,0.0228682614169622,0.022178,0.093980826654094,-0.0495963091118801,0.000704959234965941,0.0818,-0.0603325821576186,-0.000919117647058876,0.00216450216450204,0.00199004975124373,-0.0154211150652431
2003-01-31,1,0.0113694062789482,0.00393236335037361,0.04,0.0019,0.0124,0.00356168736594009,0.058,0.0032,0.0890985324947589,-0.0444230597081728,0.022734,0.057750323229421,-0.0303398058252428,-0.00114092315231706,0.0843,-0.0274146984610488,0.00919963201471941,-0.00539956803455721,-0.0208540218470706,-0.00240963855421694
2003-02-28,1,0.0113694062789482,0.00532706619663137,0.0371,0.0016,0.0126,-0.000778415462761362,0.059,0.0046,-0.0494064805903113,-0.00264643200074943,0.021817,-0.0494363710444112,-0.0287859824780977,-0.00160218326216777,0.0804,-0.0170036227649878,0.0109389243391067,-0.017372421281216,0.00608519269776875,-0.00483091787439605
2003-03-31,0,0.0113694062789482,0.00763656198862295,0.0383,0.0016,0.0125,0.0071168268722932,0.059,0.006,-0.0161997975025312,0.00965105903348529,0.023144,-0.0357193884840692,0.108247422680412,-0.000337843025844942,0.0702,0.00835760565891941,0.0171325518485121,0.00110497237569063,-0.00302419354838712,0
2003-04-30,1,0.0125177224948927,0.00912535766762046,0.0389,0.002,0.0126,0.00448377581120951,0.06,0.005,-0.272384219554031,0.00183733748866199,0.023543,0.00325974218402725,0.0709302325581396,-5.37659185523287e-05,0.0664,0.0810441179938222,0.0212765957446808,0.00441501103752762,0,0.00242718446601931
2003-05-31,1,0.0125177224948927,0.0103456203540502,0.0337,0.0019,0.0126,0.000978895023297621,0.061,0.001,-0.0820367751060821,0.0940895162039188,0.020482,0.076502732240437,-0.026058631921824,7.68125849739398e-05,0.0634,0.0508986607337609,0.0217013888888888,0,0.00303336703741142,0.00121065375302676
2003-06-30,0,0.0125177224948927,0.0105430825242718,0.0354,0.0023,0.0122,0.00700203411046774,0.063,6e-04,0.00256805341551103,0.00500753251713371,0.022134,-0.0495266840444506,0.0133779264214047,0.000168974707558611,0.0586,0.0113222428626283,0.00679694137638065,0.00329670329670328,-0.00403225806451624,-0.00725513905683206
2003-07-31,1,0.0223807726785787,0.0106582601516176,0.0449,0.0017,0.0101,0.00788563881443505,0.062,0.001,-0.00153688524590168,-0.0239839543967063,0.026657,0.0229503464203236,-0.0176017601760177,-0.000314854207143389,0.0582,0.0162237044638276,-0.0101265822784811,0.00219058050383358,-0.00202429149797578,0
2003-08-31,1,0.0223807726785787,0.00972892684738214,0.0445,0.0018,0.0103,0.0122176828798273,0.061,0.0014,-0.0441251924063623,0.0385256008133423,0.024957,0.0598278538168477,-0.0179171332586785,0.00079890611316813,0.0536,0.0178731912229504,0.00426257459505552,-0.0010928961748633,-0.013184584178499,-0.02557856272838
2003-09-30,1,0.0223807726785787,0.00823771697558118,0.0396,0.0023,0.0101,-0.00062191422660518,0.061,2e-04,0.219538378958669,0.000124973963757657,0.024799,0.0260950605778192,0.0216647662485745,0.00155815845627183,0.0492,-0.0119443259491473,0.0101867572156198,0.00547045951859948,-0.0154162384378211,-0.0112500000000001
2003-10-31,1,0.016489268040454,0.00656550919171273,0.0433,0.0023,0.0101,0.00210820421640845,0.06,2e-04,-0.29137323943662,0.0210763078973675,0.024752,-0.00285454781367589,0.0457589285714286,8.43008774955578e-05,0.0462,0.0549614948241413,0.030252100840336,-0.00761697497279656,0.0020876826722338,0
2003-11-30,1,0.016489268040454,0.00572546745905211,0.0434,0.0026,0.01,0.00757863787291191,0.058,6e-04,0.0136645962732918,0.00972913437219547,0.022879,0.036174365647365,-0.0117395944503736,0.000942557626287366,0.0428,0.00712851310066531,0,0,-0.00312499999999993,0.00252844500632121
2003-12-31,0,0.016489268040454,0.0061973048929882,0.0427,0.0022,0.0098,0.00300613805594696,0.057,0.0014,0.121936274509804,0.136471063528937,0.024266,0.0434509606932061,0.120950323974082,0.00121728079375893,0.0394,0.0507654507654507,-0.00407830342577487,0.00109649122807021,-0.00313479623824453,-0.0113493064312735
2004-01-31,1,0.0145196337392433,0.00773472749409154,0.0416,0.0023,0.01,0.00790037997065562,0.057,2e-04,-0.0917531403604588,0.00120865253017177,0.02313,-0.031291370802744,-0.0905587668593448,0.000367034210646988,0.0426,0.0172764227642277,-0.00081900081900077,-0.00109529025191668,-0.00419287211740049,-0.00892857142857151
2004-02-29,0,0.0145196337392433,0.00945206452988412,0.0399,0.0018,0.0101,0.00432981225038254,0.056,0,-0.1250751653638,0.0534893216637966,0.023301,-0.0156541185240403,0.0148305084745761,0.00253007811902828,0.044,0.012209029908145,-0.00901639344262295,-0.00548245614035092,0.00421052631578944,0.00900900900900914
2004-03-31,0,0.0145196337392433,0.0144325542100818,0.0386,0.0018,0.01,0.0060579031478798,0.058,4e-04,0.150515463917526,0.000741464729870911,0.02263,0.0764861794774707,-0.0167014613778705,0.00191373697172081,0.0398,-0.0163589358394326,0.0157154673283706,-0.00220507166482908,0.00209643605870014,-0.00382653061224503
2004-04-30,0,0.016098474500732,0.0145048233742799,0.0453,0.0022,0.01,0.00253663341952959,0.056,2e-04,0.0268817204301077,0.0180345535984914,0.021908,-0.0930941493727283,-0.0424628450106157,0.00233623523681969,0.0425,-0.016790829419025,0.0244299674267101,0.00773480662983439,0,0.00896286811779778
2004-05-31,1,0.016098474500732,0.0147763031878505,0.0466,0.0025,0.01,0.00875749238478907,0.056,6e-04,-0.0983129726585225,0.000231569545296573,0.021145,0.0227537168713638,0.0598669623059866,0.000584595528223764,0.0407,0.0120834462205366,0.00953895071542132,-0.00657894736842113,-0.01255230125523,-0.00634517766497467
2004-06-30,1,0.016098474500732,0.014695968720507,0.0462,0.003,0.0103,-0.00101060526732322,0.056,0.0102,-0.0748387096774193,0.0541581915298242,0.019034,-0.00328656301352548,0.0115062761506277,0.000341447128809014,0.0401,0.0179890780597494,-0.00629921259842525,0,0.00529661016949157,0.00255427841634748
2004-07-31,0,0.0152975873540953,0.0120914164230665,0.045,0.0028,0.0126,0.00805645613436368,0.055,0.001,0.0683403068340307,0.0223072820255388,0.017976,-0.00811667723525678,-0.00827300930713548,0.000902629762509877,0.0408,-0.0342905227726937,-0.0237717908082409,0.00220750551876381,-0.00105374077976828,0
2004-08-31,0,0.0152975873540953,0.00964946829460422,0.0413,0.0023,0.0143,0.00286553737893991,0.054,8e-04,-0.00195822454308103,-0.0187668794500366,0.017256,0.0480756936453139,-0.0177267987486965,0.00122768195459089,0.0387,0.00228733253458224,-0.00811688311688308,-0.00550660792951541,-0.010548523206751,-0.00254777070063694
2004-09-30,1,0.0152975873540953,0.00845198621676091,0.0414,0.0034,0.0161,0.00947627314814814,0.054,6e-04,-0.12753433616743,0.0927203065134099,0.015144,0.0204953031596926,-0.0265392781316348,0.0026188710092494,0.0373,0.00936390639716,0.00654664484451728,-0.0110741971207088,-0.00213219616204696,-0.00127713920817363
2004-10-31,1,0.0157198434896453,0.00767197472761261,0.0405,0.003,0.0176,0.00536247462080497,0.055,0,0.219640179910045,-0.00445086870652889,0.014751,0.0246264196054991,0.0119956379498363,0.000498248580746541,0.0329,0.0140142475192451,0.0276422764227642,-0.00895856662933925,0.00534188034188032,0.00127877237851659
2004-11-30,1,0.0157198434896453,0.00767754318618041,0.0436,0.0022,0.0193,0.00481117618408389,0.054,0.001,-0.186232329440688,0.0693184595258973,0.013525,0.0522692801306732,0.0463362068965516,0.000973364521240416,0.031,0.0385949389488585,0.0134493670886076,-0.00677966101694905,0.00106269925611069,-0.00383141762452099
2004-12-31,0,0.0157198434896453,0.00742857142857134,0.0424,0.0038,0.0216,0.00686891137803847,0.054,0,0.00377643504531711,-0.0305572360018821,0.011531,-0.0277192593413904,-0.0164778578784758,0.0010251848724927,0.032,0.0324581281627507,0.00468384074941453,-0.00910125142207063,-0.00636942675159247,0.00128205128205128
2005-01-31,0,0.0200256914354637,0.00926451124976357,0.0414,0.0027,0.0228,0.000551869899606761,0.053,0.0018,-0.0353649360421369,0.0338223873973817,0.008564,-0.0361500741247576,-0.0146596858638744,0.00179976655747582,0.0305,-0.0252904482144036,-0.00854700854700852,-0.0195177956371985,0,-0.00512163892445572
2005-02-28,0,0.0200256914354637,0.0111777194954417,0.0436,0.002,0.025,0.00639581279631973,0.054,6e-04,-0.0577223088923557,0.155437217475285,0.007808,0.0308802650260291,-0.0159404888416578,0.00101477817700735,0.0298,0.0189033836464143,-0.00548589341692785,-0.0304449648711945,0.00213675213675213,-0.00257400257400264
2005-03-31,0,0.0200256914354637,0.0163650960291484,0.045,0.0039,0.0263,0.00545728045523974,0.052,0.002,0.160596026490066,-0.0102973101614832,0.00707,-0.01675657064157,-0.0529157667386608,0.00273336887714115,0.0378,-0.0191176470588236,0.00315208825847124,-0.0205314009661836,0,-0.0038709677419354
2005-04-30,0,0.0125142337566215,0.0147040952728155,0.0421,0.0037,0.0279,0.0108321252536967,0.052,6e-04,0.0920114122681883,-0.0420517993712758,0.005481,0.0141239640480915,-0.0091220068415051,0.00132551504122569,0.0423,-0.0201085897729102,-0.0212097407698351,-0.00246609124537589,0.00319829424307039,-0.00388601036269431
2005-05-31,1,0.0125142337566215,0.0152095808383232,0.04,0.0041,0.03,-0.00405006941337083,0.051,8e-04,-0.131939908556499,0.0119264819327267,0.004074,-0.0394797421731123,0.104718066743383,0.00183232368558817,0.039,0.0299520248951897,0.00240770465489559,-0.0123609394313968,-0.00637619553666302,-0.00390117035110549
2005-06-30,0,0.0125142337566215,0.0145688333136722,0.0394,0.0046,0.0304,0.0109093841439531,0.05,8e-04,-0.0940556809631302,0.075495214239905,0.002799,0.0437387657279809,0.00520833333333326,0.00279198238214318,0.0349,-0.000142677297524152,0.00160128102481982,-0.0200250312891115,0.00427807486631027,-0.00261096605744116
2005-07-31,1,0.0178326283252541,0.0121504563688157,0.0428,0.0036,0.0326,0.010552345788748,0.05,0.005,-0.0390365448504982,0.0608123312331235,0.002613,-0.0130884041331802,-0.0766839378238342,0.00145910413983574,0.0337,0.0359682036043751,-0.00159872102318148,0,-0.00425985090521841,0.00261780104712028
2005-08-31,1,0.0178326283252541,0.0104537622056289,0.0402,0.0043,0.035,0.000530001465961494,0.049,0.0156,0.0890233362143473,0.078962719414541,0.002023,0.0125639832480222,-0.13692480359147,0.000498048689834496,0.0364,-0.0112220259605569,0.0168134507606086,-0.0114942528735631,0.00320855614973259,0.00261096605744138
2005-09-30,0,0.0178326283252541,0.00960663938153727,0.0434,0.006,0.0362,0.00574803327096896,0.05,0.1036,-0.053968253968254,0.0580064877617221,0.001591,0.0783547794117647,-0.0351105331599481,0.000624108416547697,0.0358,0.0069489400408087,0.0291338582677165,-0.0142118863049097,0.00852878464818763,-0.00781249999999989
2005-10-31,0,0.0133417692474582,0.0064185575136535,0.0457,0.0037,0.0378,0.00403424626832227,0.05,0.0028,0.285234899328859,-0.084260110934582,0.001768,-0.00875772427018973,0.0997304582210241,0.002532002732484,0.0362,-0.0177407410421464,0.0428462127008415,-0.0157273918741809,-0.0042283298097251,-0.00393700787401574
2005-11-30,1,0.0133417692474582,0.00520279720279726,0.0449,0.0056,0.04,0.00313630072771121,0.05,2e-04,-0.212793733681462,-0.0134027312757452,0.000772,0.0599539972914294,0.121323529411765,0.00116281653421413,0.0365,0.0351861210760473,0.0161408657373441,-0.00932090545938735,0.00212314225053079,-0.00922266139657446
2005-12-31,0,0.0133417692474582,0.00239314336598406,0.0439,0.0055,0.0416,0.00435038997741333,0.049,2e-04,0.000829187396351516,0.0148291358583315,-8.5e-05,0.048511397744788,-0.00327868852459012,0.00205660851938982,0.0355,-0.000952396196817973,-0.00649819494584836,-0.00672043010752688,-0.0021186440677966,-0.0039893617021276
2006-01-31,1,0.0199732782907074,0.00399755704847027,0.0453,0.0031,0.0429,0.0081202641024507,0.047,2e-04,0.0729080364540182,0.158355542494655,-3e-06,0.100386847195358,-0.0493421052631579,0.00232554705726007,0.0334,0.025466838635253,-0.03125,-0.00270635994587287,0.00212314225053079,-0.00400534045393874
2006-02-28,0,0.0199732782907074,0.00376043798042347,0.0455,0.0031,0.0449,0.00380215602026346,0.048,0.001,-0.0471042471042471,-0.0975067798092903,-0.001236,-0.0129196695377044,0.0253748558246829,0.00207708795215322,0.0325,0.000453096681457543,-0.0172543135783946,0,-0.00423728813559332,-0.00402144772117963
2006-03-31,1,0.0199732782907074,0.00683157952729885,0.0486,0.0048,0.0459,0.00365638718293981,0.047,0.0012,-0.0769854132901134,0.037716645341398,0.000311,0.0393553557118689,-0.016872890888639,0.00134510360237861,0.0306,0.0110646073118548,0.00687022900763368,-0.00814111261872463,-0.0031914893617021,0.00403768506056523
2006-04-30,0,0.0110551001018104,0.00492476060191516,0.0507,0.0048,0.0479,0.00602087673563756,0.047,0.0014,0.0175592625109744,0.05334641072346,0.001922,0.121271309860361,-0.0949656750572083,0.000183510482118843,0.0302,0.0121869280137161,0.0280515542077331,0.0191518467852259,-0.00213447171824976,0.00536193029490617
2006-05-31,0,0.0110551001018104,0.00397495235502299,0.0512,0.005,0.0494,0.00333936877256535,0.046,0.002,0.418464193270061,-0.0261160278807442,0.000856,-0.0141038766560211,0.0733249051833125,0.000579786726553566,0.0328,-0.0309169012902388,0.0221238938053097,-0.0174496644295301,0.00962566844919799,0.0026666666666666
2006-06-30,0,0.0110551001018104,0.000922008894674198,0.0515,0.0061,0.0499,0.00320938827114459,0.046,0.001,-0.204379562043796,0.0502545050582313,-0.000134,-0.0454897706137632,-0.00235571260306244,0.00151097289050584,0.0337,8.66080356511922e-05,0.0151515151515151,0.00409836065573765,0,-0.00132978723404265
2006-07-31,0,0.00787721903674798,0.000379301002438437,0.0499,0.005,0.0524,0.00825093173054148,0.047,8e-04,0.142966360856269,0.043419455522802,0.000294,0.0339368352683282,-0.0318772136953955,0.00134024695698032,0.0342,0.0050858132577547,0.0227434257285004,0.00272108843537411,-0.00317796610169507,0.00266311584553924
2006-08-31,1,0.00787721903674798,-0.00108330625067721,0.0474,0.0048,0.0525,0.000876030938848915,0.047,0.001,-0.176588628762542,-0.0481603350284177,-0.000496,-0.0148409893992933,0.0414634146341464,0.00111903455842022,0.0343,0.0212742625287858,0.0159833217512162,0.00271370420624151,0.00106269925611069,0
2006-09-30,1,0.00787721903674798,-0.00113870512959535,0.0464,0.006,0.0525,0.00270051021497331,0.045,0.0018,-0.0268074735987003,-0.0538358125567429,-0.000553,-0.0462298740634465,0.0960187353629975,5.84462075716718e-05,0.0325,0.0245662744857418,0.0239398084815321,-0.00405953991880936,0.00106157112526528,0.00664010624169986
2006-10-31,1,0.0113507583636998,-0.000814288040822952,0.0461,0.0042,0.0525,0.0020651699507126,0.044,0.0016,-0.0734557595993323,0.0470175762328735,-0.000945,0.0138726391442421,-0.0160256410256411,0.00152681793609277,0.0314,0.0315080285960252,0.0267201068804275,-0.00815217391304335,0.00318133616118765,-0.00395778364116095
2006-11-30,1,0.0113507583636998,-0.00228186460936664,0.0446,0.0047,0.0525,0.00190156480724091,0.045,0.0012,-0.0171171171171171,0.0679408887831445,-0.001503,0.0682492581602374,-0.00434310532030391,0.00124731025930913,0.03,0.0164666095766144,0.0182173064411191,0.0123287671232877,0.00317124735729402,-0.00132450331125822
2006-12-31,0,0.0113507583636998,-0.00217817468961001,0.0471,0.0047,0.0524,0.00904444821443717,0.044,8e-04,0.0595783684692943,-0.0195889133681544,-0.001058,-0.0174382716049382,0.0567066521264994,0.00174843005551262,0.0276,0.012615751483261,0.00511182108626196,-0.00676589986468201,-0.00526870389884093,0.00265251989389914
2007-01-31,1,0.0118620511190877,-0.00278323510150635,0.0483,0.0037,0.0525,0.00384595176798186,0.046,0.0028,-0.0986159169550174,-0.0201149667135175,-0.001085,0.0259148735668289,-0.0577915376676987,0.000647244483876985,0.0262,0.0140590848198547,-0.00953591862682768,-0.00544959128065403,-0.00635593220338992,-0.00264550264550245
2007-02-28,0,0.0118620511190877,-0.00136813878399822,0.0456,0.0034,0.0526,0.00394636296071416,0.045,4e-04,0.479846449136276,-0.0179082171661212,-0.000766,0.0247244335578689,-0.0317634173055859,0.0013808641302373,0.0286,-0.0218461452886862,0,-0.00821917808219175,0.00213219616204685,-0.037135278514589
2007-03-31,0,0.0118620511190877,-0.00153441473038141,0.0465,0.0045,0.0526,0.00425407682362278,0.044,4e-04,-0.0505836575875486,0.0637473544279441,0.000699,-0.00829162620452684,-0.0147058823529413,0.000580614725840922,0.0274,0.0099799547916577,0.00513478818998725,-0.00966850828729282,0.00106382978723407,-0.0137741046831956
2007-04-30,1,0.0132849011179896,-0.000329308452250321,0.0463,0.0057,0.0525,0.00404917147722084,0.045,0,-0.0286885245901639,0.045021417237382,0.000312,0.0220699005724618,0.0137772675086107,0.00103724658180093,0.0257,0.0432906831074138,0.0172413793103448,0.0167364016736402,0,-0.00139664804469264
2007-05-31,1,0.0132849011179896,-0.0013725705501263,0.049,0.0076,0.0525,0.00396045746902973,0.044,8e-04,-0.0822784810126582,0.0761484418639413,-0.000202,-0.0264573660549783,-0.0339750849377124,0.000543446756709809,0.0261,0.032549228600147,0.0119271814187067,0.0109739368998627,-0.00425079702444198,-0.0111888111888111
2007-06-30,1,0.0132849011179896,-0.00186926164165147,0.0503,0.0068,0.0525,0.00148317523097363,0.046,0.002,0.24367816091954,0.0307487608380976,0.001662,-0.0164269492808479,0.0597889800703402,-0.000246228717510455,0.0335,-0.0178163097306974,0.0148883374689825,-0.00271370420624151,-0.00426894343649953,0.00424328147100428
2007-07-31,1,0.010217639847367,-0.00302946846598739,0.0478,0.0054,0.0526,0.00373330042269604,0.047,0.0038,0.449168207024029,-0.0336260213345438,0.002214,0.0225506041714769,-0.077433628318584,-0.000144876094720026,0.0431,-0.0319819070742009,0.00855745721271384,0.0285714285714285,0.00107181136120049,-0.0169014084507043
2007-08-31,1,0.010217639847367,-0.0041436464088398,0.0454,0.0171,0.0502,0.00420099184392808,0.046,0.0032,-0.00595238095238093,0.00238530359410216,0.003972,0.0135480957398766,0,0.00063754718211384,0.0442,0.012863592323074,0.0248484848484849,-0.0343915343915343,0.00535331905781589,-0.010028653295129
2007-09-30,1,0.010217639847367,-0.00621359223300977,0.0459,0.0151,0.0494,0.00376507560761574,0.047,0.0056,-0.23011120615911,0.0544678420806,0.00603,0.104411109460864,-0.0299760191846523,0.000608180021286264,0.0416,0.0357940013161555,0.0325251330573626,0.0164383561643835,-0.00212992545260915,-0.00868306801736607
2007-10-31,1,0.00793806313455869,-0.00887623513649305,0.0448,0.0105,0.0476,0.00166709021601008,0.047,0.0182,0.0294444444444446,0.0385723709335832,0.005256,0.0715438407746098,-0.0593325092707047,0.000824885492869187,0.0531,0.0148223350253809,0.0515463917525774,-0.0107816711590296,-0.00106723585912494,-0.0102189781021899
2007-11-30,0,0.00793806313455869,-0.0132927790920355,0.0397,0.0205,0.0449,0.00758075482803777,0.047,0.026,0.234214786832164,-0.044166610951394,0.009432,-0.016629016064257,-0.00788436268068327,0.000708527636192668,0.0569,-0.0440434238211413,0.0196078431372548,-0.0122615803814715,-0.00106837606837595,-0.00442477876106195
2007-12-31,1,0.00793806313455869,-0.0103893138486129,0.0404,0.0141,0.0424,0.00191366355780276,0.05,0.078,-0.0161783996501969,0.0909739514842898,0.009766,0.064003573479676,0.0384105960264902,0.000122820833303283,0.068,-0.00862848886668388,0.0016025641025641,-0.023448275862069,0,-0.00888888888888884
2008-01-31,0,-0.00114978689617462,-0.0130941393631749,0.0367,0.0119,0.0394,0.00156821745948776,0.05,0.1954,0.164444444444444,-0.121491312431878,0.015002,0.110831234256927,-0.0969387755102041,-0.000606804883334533,0.0725,-0.0611634748971641,-0.00266666666666671,-0.00282485875706218,0.00534759358288772,-0.00298953662182366
2008-02-29,0,-0.00114978689617462,-0.010988368694839,0.0353,0.0125,0.0298,-0.000752770194315078,0.049,0.3808,0.0129770992366411,0.0368848570657052,0.018934,0.0516142965122557,-0.0183615819209039,-0.00056380379627885,0.0808,-0.0347611620906023,0.00106951871657746,-0.0113314447592068,-0.00106382978723396,0
2008-03-31,1,-0.00114978689617462,-0.00762366290408378,0.0345,0.0133,0.0261,0.00487158110429209,0.051,0.5098,-0.0350414468726451,-0.0584691184233679,0.018272,-0.0585275695656639,-0.0992805755395684,-0.00151878959701446,0.0739,-0.00595958305464339,0.0138888888888888,-0.017191977077364,0.0138445154419595,0
2008-04-30,1,0.00985305531704284,-0.0034540257265363,0.0377,0.0144,0.0228,0.00403830391235682,0.05,0.6208,-0.18820773135494,0.109944082291729,0.014742,-0.0429163485658196,-0.0447284345047924,-0.00134725984731054,0.0669,0.0475466848113706,0.0284510010537409,0.0189504373177845,0.00840336134453779,-0.00149925037481269
2008-05-31,1,0.00985305531704284,-0.00185251583602253,0.0406,0.0083,0.0198,0.00484837624196066,0.054,0.7004,-0.142376142376142,0.0571409328169725,0.014184,0.0101988490684293,-0.0568561872909699,-0.00117500290124173,0.0673,0.0106741532487966,0.0184426229508197,-0.00429184549356243,-0.00937500000000002,0
2008-06-30,0,0.00985305531704284,-0.00287373525713941,0.0399,0.0091,0.02,0.00555814253019338,0.056,0.773,0.343241727425687,-0.0219292936371918,0.013526,0.0438804286520023,0.0851063829787235,-0.00154672863263383,0.0775,-0.0859623816392694,0.00855130784708247,-0.00862068965517238,-0.00841219768664558,0
2008-07-31,0,0.00202585922313769,-0.00492344641248887,0.0399,0.0114,0.0201,0.00016749758606438,0.058,0.9252,-0.0421711899791231,-0.134095898174144,0.014383,-0.0122109358115409,0.0294117647058822,-0.0019418605496847,0.082,-0.00985937499999989,-0.00748129675810472,-0.0144927536231884,0.0127253446447508,-0.00600600600600587
2008-08-31,1,0.00202585922313769,-0.00862849212574657,0.0383,0.0112,0.02,-0.00106392410674716,0.061,0.9946,-0.0998256320836967,-0.00196342463383248,0.014447,-0.0907449950771251,0.115873015873016,-0.00327916636304015,0.0919,0.0121905032429104,-0.0110552763819095,0.0205882352941178,0.00314136125654452,-0.00302114803625386
2008-09-30,0,0.00202585922313769,-0.0144248326232502,0.0385,0.0315,0.0181,-0.00563099711053894,0.061,0.9998,0.907506053268765,-0.128469133941358,0.018635,0.047885459904951,-0.180654338549075,-0.00346541892089491,0.1494,-0.090791453271283,-0.0188008130081301,-0.00288184438040351,-0.0187891440501043,-0.00303030303030305
2008-10-31,1,-0.0197422580083801,-0.0170444019020566,0.0401,0.0259,0.0097,-0.00990756902570622,0.065,0.8774,0.520436659050521,-0.172582291180184,0.02405,-0.16889603306734,-0.0399305555555556,-0.00561970859683358,0.1796,-0.169424534449055,-0.0196789228379078,-0.0144508670520231,0.0170212765957447,0.00455927051671723
2008-11-30,0,-0.0197422580083801,-0.0194132060061568,0.0293,0.0221,0.0039,-0.0132320976029968,0.068,0.9984,-0.0769744531641342,0.0120412664234721,0.019393,0.130137459418388,0.0867992766726944,-0.00512025970193297,0.2031,-0.0748490322580645,-0.01162176439514,0,0.0073221757322175,-0.00453857791225409
2008-12-31,1,-0.0197422580083801,-0.0225525371604306,0.0225,0.0132,0.0016,-0.0108616209192789,0.073,1,-0.276410998552822,0.0118257025706701,0.01448,0.0782348267220829,0.0183028286189684,-0.00588078252228463,0.1673,0.00782156565205749,0.0058792089791555,0.00879765395894427,-0.0103842159916926,-0.00607902735562293
2009-01-31,1,-0.0114133733389719,-0.0209098059779759,0.0287,0.0094,0.0015,0.00491574475072354,0.078,1,0.121,-0.0452902988731014,0.01894,0.0519244940762995,-0.0800653594771242,-0.0052367347243254,0.1654,-0.0856573484638804,0.0170031880977684,-0.0116279069767441,0.00734522560335793,-0.00917431192660567
2009-02-28,1,-0.0114133733389719,-0.0116489254870457,0.0302,0.01,0.0022,-0.00167481949734982,0.083,0.9976,0.0336752899197146,-0.117030717088452,0.02043,0.0155951931885543,0.0177619893428065,-0.00617168225210163,0.1784,-0.109931224875285,0.0130616509926855,0.00147058823529411,0,0.00308641975308643
2009-03-31,1,-0.0114133733389719,-0.00745106008263896,0.0271,0.0098,0.0018,-0.00335525844696549,0.087,0.999,-0.047680690399137,0.0305382333353514,0.018669,-0.0243760081500977,0.136125654450262,-0.00518381021369074,0.156,0.0854045082915016,0.0041258380608562,-0.00881057268722463,-0.0114583333333332,0.00461538461538447
2009-04-30,1,-0.00302199301509998,0.00293455265133424,0.0316,0.0088,0.0015,-0.000102638844697189,0.09,0.983,-0.173085636610784,0.0297625342216268,0.0222,-0.0338826344700059,0.0552995391705071,-0.00264712797991518,0.1251,0.0939250755135548,-0.00359527478171551,-0.00888888888888884,0,0.00153139356814713
2009-05-31,0,-0.00302199301509998,0.00836962438758837,0.0347,0.0052,0.0018,0.0018271589730956,0.094,0.897,-0.207671232876712,0.126471930625285,0.025448,0.102431884710651,0.0305676855895196,-0.00358196696376967,0.1081,0.0530814266564317,-0.00257731958762886,0.00298953662182355,-0.00210748155953644,0.00152905198776754
2009-06-30,1,-0.00302199301509998,0.0109319117349349,0.0353,0.004,0.0021,0.00490793774398801,0.095,0.5966,-0.088865836791148,-0.0692232891698068,0.024235,-0.0538001184664719,-0.0677966101694915,-0.00251104784729161,0.1027,0.000195835237287056,0.000516795865633135,-0.0134128166915051,-0.00105596620908144,-0.00152671755725187
2009-07-31,1,0.00304928371329805,0.0063413657299245,0.0352,0.003,0.0016,0.00281414413312131,0.095,0.026,-0.0163187855787477,0.0460333006856024,0.023683,0.0296815974096061,-0.00454545454545452,-0.00162978606188591,0.0897,0.0741417569507896,0.00103305785123964,0,-0.00739957716701889,0.00305810397553508
2009-08-31,0,0.00304928371329805,-0.00053064473335096,0.034,0.002,0.0016,0.0128823003090937,0.096,0.0072,0.00347222222222232,0.0183936745734499,0.024292,-0.00294549266247379,0.118721461187214,-0.00168609508043438,0.0845,0.0335601733705999,0.0149638802889578,0.0151057401812689,0.0042598509052183,-0.00152439024390238
2009-09-30,1,0.00304928371329805,-0.00690204406689687,0.0331,0.0015,0.0015,-0.00868308254449457,0.098,0.003,-0.0153787004998078,0.046542987904544,0.023607,0.0594097919448271,-0.0394557823129252,-0.0015661105950453,0.0776,0.0357233838255178,0.025419420437214,-0.0163690476190478,-0.00848356309650045,0
2009-10-31,1,0.0126782648534203,-0.00695001336541023,0.0341,0.0023,0.0012,0.0049820766753752,0.1,0.0036,0.198360015618899,0.0276834172816367,0.024937,0.037461546095068,-0.045325779036827,-1.53781092614436e-05,0.0756,-0.0197619858478071,0.0371839365394149,-0.00453857791225409,0.00427807486631027,0.00152671755725176
2009-11-30,0,0.0126782648534203,-0.0043068640646029,0.0321,0.002,0.0012,0.00216633415956302,0.099,0.001,-0.201368523949169,0.014979103343465,0.025346,0.128346644985413,0.07566765578635,-0.00211452254081024,0.0694,0.0573639969503663,0.00908221797323128,-0.00303951367781163,-0.0404685835995742,0.00152439024390261
2009-12-31,1,0.0126782648534203,-0.00858340091916743,0.0385,0.0019,0.0012,0.00547953469198981,0.099,0.001,-0.11546307629539,-0.000336898846121314,0.027014,-0.0700643422089978,0.0262068965517241,0.000177225723928531,0.0623,0.0177705977382874,-0.01468498342018,-0.00152439024390238,-0.00221975582685896,-0.00456621004566204
2010-01-31,0,0.00786406573269338,-0.0115208944031632,0.0363,0.0017,0.0011,0.000279983201007861,0.098,2e-04,0.135608856088561,-0.0481459638086145,0.027726,-0.014384947765684,-0.0107526881720431,-0.000523878860717586,0.0673,-0.0369742623979912,-0.0427884615384615,-0.00916030534351131,-0.00222469410456061,-0.0122324159021409
2010-02-28,1,0.00786406573269338,-0.0133793103448275,0.0361,0.0012,0.0013,0.00312893616170506,0.098,2e-04,-0.207961007311129,0.00421920179389845,0.027999,0.0336570477247502,0,0.00126413479993515,0.0612,0.0285136934638273,-0.0271220492214967,-0.00154083204930677,0,0.00154798761609931
2010-03-31,1,0.00786406573269338,0.00377464001118399,0.0384,0.0013,0.0016,0.00605897535551625,0.099,0,-0.097948717948718,0.058889204461986,0.028099,-0.00388335615028756,-0.0190217391304347,0.00187071294949082,0.0559,0.0587963675542558,-0.00980898296334543,-0.00771604938271608,0.00334448160535117,0
2010-04-30,1,0.0141363741848939,0.0125348189415042,0.0369,0.0019,0.002,0.00112921598732107,0.099,0,0.253553155201819,0.0139104698483166,0.026929,0.0590882551089154,0.0193905817174513,0.00402643307207629,0.065,0.01475932719359,0.00782064650677783,-0.0124416796267496,-0.00222222222222224,-0.00154559505409591
2010-05-31,1,0.0141363741848939,0.01121045392022,0.0331,0.0038,0.002,0.00329477881447349,0.096,0,0.454421768707483,-0.121104867547252,0.02519,0.0316107308550249,0.0326086956521741,-0.00104849078552627,0.0702,-0.0819759162038949,0.0206932229694774,0.00787401574803148,-0.00222717149220497,0
2010-06-30,0,0.0141363741848939,0.00448887982044477,0.0297,0.0035,0.0018,0.00253446677580316,0.094,0.0018,0.0770190208917991,-0.0828870344999377,0.023297,0.0214420784345968,-0.107894736842105,-0.000520965011070462,0.0678,-0.0538823766993144,0.0304105423213381,-0.0078125,-0.0055803571428571,-0.00619195046439613
2010-07-31,1,0.0113549964402293,-0.00101564086938866,0.0294,0.003,0.0018,0.00180997255530735,0.094,8e-04,-0.319629415170816,0.107534913197981,0.023591,-0.0494051739403404,0.0162241887905605,-0.000275948765512513,0.0676,0.0687778327560613,0.0368912936546975,0.00157480314960634,0.00112233445566789,0.00155763239875384
2010-08-31,0,0.0113549964402293,-0.00772671817812109,0.0247,0.0016,0.0019,0.00616635409404687,0.095,8e-04,0.108510638297872,-0.053901332461375,0.019989,0.0562235393734125,-0.0101596516690857,-0.00039870268280906,0.0642,-0.0474491648511256,0.0284629981024669,0.0015723270440251,0.00336322869955152,-0.00777604976671853
2010-09-30,1,0.0113549964402293,-0.012431693989071,0.0253,0.0013,0.0019,0.00212743117564962,0.095,0.001,-0.09021113243762,0.115359275939906,0.020876,0.049013949013949,-0.00733137829912023,0.00200964938521597,0.0601,0.0875511040378147,0.018450184501845,-0.00156985871271587,-0.00111731843575413,-0.00470219435736674
2010-10-31,1,0.0114591510234658,-0.010098215520819,0.0263,0.0017,0.0019,0.00728412975099579,0.094,6e-04,-0.105485232067511,0.0453761983150962,0.022636,0.0388677457318845,0.0576070901033972,0.000910948994511385,0.0587,0.0368559411146161,0.011322463768116,-0.00628930817610063,-0.00111856823266232,-0.0047244094488188
2010-11-30,0,0.0114591510234658,-0.00908328675237569,0.0281,0.0013,0.0019,0.00542359117143754,0.098,4e-04,0.110377358490566,0.0132461373152024,0.02344,0.0197366485214066,0.0405027932960895,0.000665381791483011,0.0555,-0.00229028277808774,0.0103000447828034,-0.00791139240506333,-0.00111982082866735,-0.0158227848101266
2010-12-31,0,0.0114591510234658,-0.00832040614863916,0.033,0.0018,0.0018,0.00349045173945672,0.093,2e-04,-0.245964316057774,0.109063317060684,0.027001,0.0253709701853229,-0.00402684563758382,0.000328648185938363,0.0512,0.0653000720003389,0.011081560283688,-0.00159489633173848,0.00112107623318369,-0.00482315112540199
2011-01-31,1,0.000535974295295061,-0.011305460750853,0.0342,0.0015,0.0017,0.00369869970582881,0.091,6e-04,0.100281690140845,0.066141316891424,0.028084,-0.0624173350218095,0.0444743935309972,0.0014440488378844,0.0466,0.0226455901529847,0.00350723366944328,-0.00798722044728439,0,0
2011-02-28,0,0.000535974295295061,-0.00934915498022304,0.0342,0.0016,0.0016,0.00359914842429854,0.09,0.0018,-0.0604198668714797,0.0554275552806556,0.02747,0.0590164180448418,-0.129032258064516,0.00171662686635488,0.0484,0.0319565825894941,0.00961118392311056,0.00161030595813205,0.00111982082866757,0.00484652665589658
2011-03-31,0,0.000535974295295061,0.000290381125226835,0.0347,0.0021,0.0014,0.00676344126935802,0.09,8e-04,-0.0332425068119893,0.0100652704217303,0.026492,0.01478746997513,0.0340740740740739,0.00263526687789417,0.0466,-0.00104730187911584,0.0155776720034617,-0.00482315112540199,0,-0.00160771704180063
2011-04-30,0,0.0146049075718133,0.00987009216924317,0.0332,0.0023,0.001,0.00388340341097004,0.091,0.0036,-0.168545659526494,0.0175003444949704,0.02685,0.0918167853651723,0.0644699140401146,0.000584919706476672,0.0485,0.0284953576250349,0.0213037920749894,-0.011308562197092,0.0022371364653242,-0.00161030595813205
2011-05-31,0,0.0146049075718133,0.01099532878189,0.0305,0.0019,9e-04,0.0026824539276773,0.09,0.0036,0.047457627118644,-0.0504433483492045,0.025922,-0.0178870627358189,-0.0376850605652759,0.00170818181128007,0.0549,-0.0135009276846018,0.0137672090112642,0.00490196078431371,-0.0033482142857143,0
2011-06-30,0,0.0146049075718133,0.00888541370486218,0.0318,0.0022,9e-04,0.00218715679004222,0.091,8e-04,0.0692556634304207,-0.0209279457134494,0.027024,-0.0231486003399035,-0.109090909090909,0.000522949129933892,0.0543,-0.0182575081772227,0.00740740740740731,-0.00487804878048781,0.00111982082866757,0.00161290322580654
2011-07-31,1,0.00816244770850072,0.00281829070668649,0.0282,0.0016,7e-04,0.00474879172754861,0.09,4e-04,0.528450363196126,-0.0151804402327668,0.024407,0.0845698516178057,-0.124018838304553,0.000833251270708102,0.0699,-0.0214744366367823,0.000816993464052285,-0.00326797385620925,0.0022371364653242,-0.00483091787439616
2011-08-31,0,0.00816244770850072,-0.00393451837279568,0.0223,0.0031,0.001,0.00172460404023456,0.09,4e-04,0.252277227722772,-0.0936154642626371,0.020239,0.121999938539074,0.0663082437275986,0.00187703881988743,0.0768,-0.0567910979044788,0.00408163265306127,0.00655737704918025,-0.00223214285714268,-0.00323624595469252
2011-09-30,1,0.00816244770850072,-0.0113564223742683,0.0192,0.0035,8e-04,0.00418776057176884,0.09,0.0012,0.358633776091082,-0.113754659612114,0.016724,-0.110520117224946,0.0218487394957982,0.00157889567956726,0.0791,-0.071762012979022,0.00772357723577244,-0.00162866449511401,0.00335570469798663,-0.0113636363636365
2011-10-31,1,0.0127147886476819,-0.0125570776255707,0.0217,0.0042,7e-04,0.0034289103478955,0.088,6e-04,-0.302607076350093,0.183597914364909,0.018751,0.0559863036476391,0.0476973684210527,0.0010635088248605,0.0761,0.107723038305846,0.0108914885034288,-0.00489396411092979,-0.00334448160535117,0.00328407224958949
2011-11-30,0,0.0127147886476819,-0.0126445086705202,0.0208,0.0052,8e-04,0.00010159222727113,0.086,0.0014,-0.0720961281708945,0.0094083160015066,0.018141,0.0184580393071674,0.097331240188383,0.00157473195651026,0.0752,-0.00505864517673338,0.00678371907422193,-0.00491803278688518,0.00111856823266221,-0.00654664484451717
2011-12-31,0,0.0127147886476819,-0.0109037687522869,0.0189,0.0056,7e-04,-0.000129286063885958,0.085,2e-04,-0.158273381294964,-0.00296085986615302,0.016371,-0.103896698828986,0.0729613733905579,0.00269314676897614,0.0684,0.0085327516520175,0.00317082837891403,-0.00494233937397037,0.00111731843575402,-0.00823723228995055
2012-01-31,1,0.0119458519413489,-0.00739863865048829,0.0183,0.0048,8e-04,0.00723171981934567,0.083,4e-04,-0.169230769230769,0.0252135709055405,0.015824,0.110453636311353,0.004,0.00177810455554894,0.0624,0.0435830152671757,0.00434610825760573,-0.00165562913907291,0.00558035714285721,-0.00830564784053156
2012-02-29,1,0.0119458519413489,-0.00119260584376857,0.0198,0.004,0.001,0.00644622946009377,0.083,6e-04,-0.0519547325102881,0.0539247196628814,0.016773,-0.0235935917502992,0.0119521912350598,0.0017449915746115,0.0596,0.0405894499432342,0.0106215578284816,-0.00829187396351572,-0.0066592674805771,0.00167504187604672
2012-03-31,1,0.0119458519413489,0.0140298507462686,0.0223,0.004,0.0013,0.00102952833025083,0.082,0.0022,-0.158979924036896,-0.0456386855817595,0.018801,-0.016861547891275,0.00262467191601057,0.000583142690530725,0.0613,0.0313323765450177,0.0167380303620086,0,-0.012290502793296,-0.00167224080267547
2012-04-30,0,0.0092632466712379,0.0192817191639683,0.0195,0.0037,0.0014,0.00274865297801075,0.082,0.001,0.106451612903226,-0.0251611528841831,0.016578,-0.00203818601444716,0.037958115183246,0.000859260587584787,0.0631,-0.00749749728428717,0.0233537519142419,-0.011705685618729,-0.00678733031674217,0.00167504187604672
2012-05-31,0,0.0092632466712379,0.0186281588447654,0.0159,0.004,0.0016,-0.000644435166191726,0.082,0.0014,0.402915451895044,-0.115657930945174,0.01296,-0.0626160084096711,-0.0769230769230769,0.000567371650827431,0.0677,-0.0626506713593866,0.0138421249532361,0.0101522842639594,-0.00455580865603633,0.00334448160535117
2012-06-30,0,0.0092632466712379,0.0149560533030904,0.0167,0.0037,0.0016,-0.0011716302008119,0.082,0.0014,-0.290108063175395,0.0667099868209107,0.013438,0.0236717483386841,-0.0122950819672132,0.00106694919680361,0.0636,0.0395549212793724,0.00516605166051654,-0.00335008375209389,0.00114416475972523,-0.005
2012-07-31,0,0.00658038583782972,0.00775193798449614,0.0151,0.0033,0.0016,0.00340989688471827,0.082,0.0022,0.108313817330211,0.0267946770996885,0.012566,0.0107233403236406,0.0276625172890732,0.00131922188268607,0.0592,0.0125976390438713,-0.00293685756240825,-0.00168067226890756,0.00114285714285711,-0.00167504187604695
2012-08-31,1,0.00658038583782972,0.00291060291060274,0.0157,0.0033,0.0013,0.00181243146743504,0.081,0.0028,-0.0771262546222927,0.0274156890270396,0.013279,0.0478576471899812,0.053835800807537,0.00151101252726149,0.0561,0.0197633616564683,0.0044182621502209,0.0235690235690236,-0.00228310502283091,-0.00335570469798663
2012-09-30,0,0.00658038583782972,-0.00241846323935868,0.0165,0.0026,0.0014,0.00688382527205134,0.078,0.0014,-0.0995993131081854,0.0232113665753069,0.014031,0.0475219434347016,0.0549169859514687,0.00108509847640281,0.0549,0.0242360903752366,0.0113636363636365,-0.00822368421052633,0.0114416475972541,-0.00168350168350173
2012-10-31,0,0.00427719133033477,-0.00270139225600896,0.0172,0.002,0.0016,0.00123079687359628,0.078,8e-04,0.182453909726637,-0.0233047984675425,0.014087,-0.0291155311045281,0.00121065375302676,0.000979984557819114,0.0571,-0.0197894035414078,0.0181225081551286,-0.011608623548922,-0.00452488687782815,0
2012-11-30,1,0.00427719133033477,0,0.0162,0.0023,0.0016,0.00152538874980923,0.077,2e-04,-0.146774193548387,-0.00994474238885412,0.013695,-0.00329526632377308,-0.118500604594921,0.00180971311597,0.0534,0.00284670292318157,0.0088999644001424,0.00167785234899331,-0.0136363636363637,-0.00337268128161883
2012-12-31,0,0.00427719133033477,-0.000625086817613529,0.0178,0.0026,0.0016,0.00222188376322596,0.079,0.001,0.135475740390674,0.0207715133531157,0.015106,-0.0231081412028129,0.0123456790123455,0.00156212982705517,0.0492,0.00706831052549806,0.000352858151023261,-0.00670016750418767,0,-0.00507614213197982
2013-01-31,0,0.0109276054651586,0.0030578914448538,0.0202,0.0023,0.0014,0.0034774058016358,0.08,0.0304,-0.207547169811321,0.0893271274882432,0.017231,-0.0069537708538514,0.051490514905149,0.00211408676626035,0.0499,0.0504280635819911,-0.0155202821869489,0.00168634064080941,0.00691244239631339,0.0017006802721089
2013-02-28,0,0.0109276054651586,0.00588928150765611,0.0189,0.0018,0.0015,0.00513122026832002,0.077,0.0038,0.0861344537815127,-0.0221323654427582,0.016413,-0.0505439682635092,0.0128865979381443,0.000958921287314896,0.048,0.0110606030264802,-0.00214976710856329,0.00505050505050519,0,0
2013-03-31,0,0.0109276054651586,0.0193552830968453,0.0187,0.0021,0.0014,-0.00189665869006461,0.075,0.003,-0.181173436492585,0.0271161071339479,0.016065,0.0113255803647736,-0.0279898218829515,0.00145174245941382,0.0476,0.0359877994031743,0.0104129263913824,-0.0100502512562815,0,-0.00339558573853982
2013-04-30,0,0.00400292799463942,0.0203392121089263,0.017,0.0022,0.0015,-0.000683739433117947,0.076,0.0024,0.0645669291338582,0.00585854125266794,0.014643,-0.0756118935837246,0.106020942408377,0.00166303643963039,0.0438,0.018085763992888,0.0238095238095237,0.00676818950930613,-0.00343249427917636,0.00681431005110733
2013-05-31,1,0.00400292799463942,0.0192052980132451,0.0216,0.0024,0.0011,0.00227476696967277,0.075,0.0014,0.205621301775148,0.0130976248664627,0.018349,-0.0602081654488695,-0.00473372781065096,0.00119010887292292,0.0506,0.0207627834774065,0.01041305102395,-0.00168067226890756,0.00918484500574057,0.0050761421319796
2013-06-30,0,0.00400292799463942,0.0166341780376869,0.0252,0.0023,9e-04,0.00360831597145261,0.075,0.0022,0.0343558282208589,-0.0395721384410932,0.021303,-0.110440985732814,0.0118906064209274,0.000895189457309709,0.0482,-0.0149993254596074,-0.00171762281003096,-0.0067340067340067,0.00682593856655278,0
2013-07-31,0,0.0125720389882591,0.0118880224977629,0.026,0.0023,9e-04,0.00202293245702378,0.073,0.0034,-0.202253855278766,0.0494371207050843,0.022673,0.0733396515273019,-0.0352526439482961,0.00191340556867003,0.0475,0.0494621112134872,-0.0144528561596696,-0.00508474576271178,-0.0101694915254238,0.00168350168350173
2013-08-31,1,0.0125720389882591,0.00701111672561905,0.0278,0.0023,8e-04,0.00238911761335081,0.073,0.001,0.264684014869889,-0.0194767504353248,0.023852,0.0529783332201319,-0.0560292326431181,0.00139024051160841,0.0464,-0.0312980133236046,-0.00418994413407825,0.0170357751277683,0.00456621004566227,-0.00168067226890756
2013-09-30,0,0.0125720389882591,0.00175625666436674,0.0264,0.0023,8e-04,0.00472287206909283,0.072,6e-04,-0.024103468547913,0.0225749636418116,0.022932,-0.0474746823195511,-0.0554838709677419,0.00154906215977269,0.0455,0.0297494748831884,0.0056100981767182,-0.00837520938023451,-0.00227272727272732,-0.00336700336700324
2013-10-31,0,0.0149581335967148,-0.000626134869450845,0.0257,0.002,9e-04,0.00361522772433243,0.072,0.0016,-0.171686746987952,0.0461614327982733,0.022492,-0.00449199792329746,0.0259562841530054,0.00188226367741784,0.0432,0.0445957598644109,0.0160390516039051,-0.0067567567567568,-0.00113895216400905,0.00168918918918903
2013-11-30,1,0.0149581335967148,-0.00119040160390971,0.0275,0.0018,8e-04,0.00669853120747987,0.069,0.0012,-0.00363636363636366,0.00776057001933328,0.024631,-0.0526884646198963,0.0985352862849536,0.000342248793026911,0.0409,0.0280494608719415,0.0044612216884008,0,0.0011402508551881,0.00168634064080941
2013-12-31,1,0.0149581335967148,-0.000501819094216427,0.0304,0.0018,9e-04,0.00207936232888573,0.067,0.0012,0.00145985401459869,0.0189605265833768,0.026483,-0.0412574300873657,-0.0157575757575757,0.00138308559115985,0.0397,0.0235628332991842,-0.00717458148274686,-0.00170068027210879,-0.00341685649202728,0
2014-01-31,1,0.00184918865347838,0.000564829923434207,0.0267,0.0022,7e-04,0.000890541241570064,0.066,0.0046,0.341836734693878,-0.0637132935055951,0.023163,0.0357095303085782,0.00492610837438412,0.00109767090227098,0.0403,-0.0355828951070137,-0.0168616655196145,-0.00681431005110744,-0.00457142857142867,-0.00841750841750843
2014-02-28,1,0.00184918865347838,0.00313617261494081,0.0266,0.0019,7e-04,0.00456104282024494,0.067,6e-04,-0.239543726235741,0.047890746569843,0.023307,0.065758707966735,-0.0196078431372548,0.00197509349017899,0.0381,0.0431170375689307,-0.00490024501225061,0.00343053173241858,0.0103329506314582,-0.00169779286926997
2014-03-31,0,0.00184918865347838,0.0082536109547926,0.0273,0.0018,8e-04,0.00739524124824786,0.067,0,-0.00857142857142856,0.0231697145995646,0.022997,-0.0319513868470058,0.05125,0.00238428257734413,0.0371,0.0069321573583585,0.0116074569117131,-0.00683760683760681,0,0
2014-04-30,0,0.0170037866697854,0.0110387596899224,0.0267,0.0019,9e-04,0.00284248533943376,0.062,4e-04,-0.0338616714697407,0.0674314419393747,0.022355,0.00591116891612997,-0.0261593341260403,0.00177853610572898,0.0375,0.00620079686381758,0.0274687065368568,0.00344234079173833,-0.00681818181818172,-0.00170068027210879
2014-05-31,1,0.0170037866697854,0.0104888670796786,0.0248,0.0019,9e-04,0.00331108916958911,0.063,6e-04,-0.149888143176734,0.0102564739335316,0.021029,-0.0324558686899968,0.0073260073260073,0.00219396371299485,0.0347,0.0210302821200137,0.0111675126903554,-0.00857632933104635,0.00343249427917613,0
2014-06-30,1,0.0170037866697854,0.00922666019181739,0.0253,0.0019,0.001,0.00447939731745195,0.061,2e-04,0.0149122807017543,0.033566657038735,0.020737,0.0621359067921388,-0.00848484848484854,0.00145463972462667,0.0365,0.0190583134484319,-0.00468540829986608,-0.00173010380622829,-0.0057012542759407,0
2014-07-31,1,0.0173972273183396,0.00559364850234578,0.0258,0.0021,9e-04,0.00346280859114367,0.062,2e-04,0.464995678478825,-0.0237479412306831,0.020302,-0.0337067647080982,0.00855745721271406,0.00165386717289384,0.0397,-0.0150798630772919,-0.0201748486886348,-0.0121317157712305,0.00573394495412849,0.00170357751277672
2014-08-31,1,0.0173972273183396,0.00185417788145226,0.0235,0.002,9e-04,0.00721313683076463,0.062,4e-04,-0.293215339233038,0.0288326258153713,0.018549,0.00368785036527663,0.0254545454545454,0.00201007911097073,0.0406,0.0376553217276903,-0.0144131777625257,0.0105263157894737,0.0011402508551881,-0.00170068027210879
2014-09-30,1,0.0173972273183396,-0.00119402985074624,0.0252,0.0022,9e-04,0.000735367851054658,0.059,0,0.36143572621035,-0.0812145178572486,0.019218,-0.0614998601746263,0.0271867612293146,0.00162633079711694,0.0451,-0.0155138591473367,-0.00835654596100277,-0.015625,-0.0102505694760819,0.00170357751277672
2014-10-31,0,0.00645070605882103,-0.00197250448296482,0.0235,0.0022,9e-04,0.00624603360165654,0.057,2e-04,-0.13979153893317,-0.0431432179583001,0.018439,-0.0291437321524646,0.0218642117376293,0.00223167983977679,0.0446,0.0232014561753089,-0.0028089887640449,0.00529100529100535,0.00575373993095507,0
2014-11-30,1,0.00645070605882103,-0.00143738396119064,0.0218,0.0021,9e-04,0.00396667330545064,0.058,4e-04,-0.0498930862437633,-0.100452500875374,0.016955,-0.00474022541647479,0.0540540540540539,0.00181990764860784,0.0508,0.024533584400783,0.00316901408450709,-0.0210526315789474,0.00228832951945068,-0.00170068027210879
2014-12-31,0,0.00645070605882103,-0.00119954417321411,0.0217,0.0022,0.0012,-0.000214908002843406,0.056,0.0024,0.440360090022506,0.00915487686204064,0.015067,0.0145539584368413,0.0480769230769231,0.00166699911663293,0.0529,-0.00418851206252779,0.0087750087750087,-0.00179211469534035,-0.00228310502283091,0
2015-01-31,0,0.00782490551808013,-0.00126103404791933,0.0168,0.0023,0.0011,-0.000603525248850878,0.057,0.0058,0.0921875000000001,-0.0327416495441835,0.011919,0.0839433622938779,-0.0275229357798163,0.0016926731433935,0.0471,-0.0310408470542524,0.0139178844815588,-0.00718132854578102,-0.00228832951945079,0
2015-02-28,1,0.00782490551808013,0.00228475228475222,0.02,0.0024,0.0011,0.00333380210616885,0.055,0.0058,-0.363853123509776,0.0554605480103374,0.013746,-0.0550012073625747,-0.0251572327044026,0.000610604640595369,0.0466,0.0548925057268457,0.00754975978037065,-0.0343580470162749,0,0
2015-03-31,0,0.00782490551808013,0.00881823635272938,0.0194,0.0024,0.0011,0.00667842949722153,0.054,0.0046,0.146176911544228,-0.0331901969759719,0.01368,-0.024406930546168,0.0311827956989248,0.00185907897537785,0.0463,-0.0173960560703256,0.00136239782016356,-0.0187265917602997,-0.00344036697247707,-0.00170357751277683
2015-04-30,1,0.0122244746279869,0.01117916394125,0.0205,0.0027,0.0012,0.00153158170619827,0.054,0.0032,-0.0483976455199476,0.0725370689072093,0.014647,0.000675921153797443,-0.0542231491136601,0.00243639866281375,0.0451,0.00852076270981539,-0.00476190476190474,0.0324427480916032,-0.00460299194476421,0
2015-05-31,1,0.0122244746279869,0.011114378124081,0.0212,0.0027,0.0012,0.00609242494868467,0.055,0.005,-0.0487972508591066,-0.0610587534596925,0.015161,0.00524329390308775,0.0595369349503858,0.00145546009495812,0.0466,0.0104914385450081,-0.000341763499658199,-0.0277264325323475,-0.00115606936416179,0.00170648464163814
2015-06-30,0,0.0122244746279869,0.00930557171106194,0.0235,0.0027,0.0013,0.00151997919172886,0.053,0.0032,0.317196531791908,-0.027089350079477,0.017104,-0.015311864805389,-0.0312174817898023,0.00179198826036031,0.0511,-0.0210117728564716,0.00410256410256404,-0.00190114068441072,-0.00462962962962965,-0.00681431005110744
2015-07-31,1,0.00743178772340403,0.00605047827590188,0.022,0.0023,0.0013,0.0043338879194903,0.052,8e-04,-0.335161821173889,-0.0706828972700985,0.015195,-0.0652961999402908,-0.0128893662728248,0.00110566494830833,0.0566,0.0197420399300086,0.0085120871637725,-0.00190476190476196,0.00116279069767433,0.00171526586620918
2015-08-31,1,0.00743178772340403,0.00257746720888941,0.0221,0.0027,0.0014,0.00269901170918541,0.051,0.0016,1.3457095709571,-0.0560847172240748,0.014804,0.0357090709983574,-0.0511425462459195,0.000703467390769097,0.0587,-0.0625808046239258,0.00844024307900071,-0.00381679389312972,0.00232288037166084,-0.00342465753424648
2015-09-30,1,0.00743178772340403,0.000685557586837415,0.0206,0.0034,0.0014,0.00256280070597925,0.05,0.0024,-0.138234259584946,-0.0745446437159522,0.014079,-0.0174812543504888,0.0321100917431192,0.00225654292000876,0.062,-0.0264428196209271,0.00770003347840653,-0.00766283524904221,0.00463499420625735,-0.00171821305841924
2015-10-31,1,0.00326629448198279,5.7090659967951e-05,0.0216,0.0025,0.0012,0.00112539288269398,0.05,0.0026,-0.384897959183673,0.130144752258211,0.014181,0.02423122797263,0.0144444444444445,0.00190778122238267,0.0614,0.0829830783894003,0.00764119601328894,-0.00772200772200771,-0.00115340253748564,0
2015-11-30,1,0.00326629448198279,0.000570874008106514,0.0221,0.002,0.0012,0.00362129740406769,0.05,0.0054,0.0703384207033841,-0.00427221804196964,0.012756,-0.0677167698382817,0.0142387732749178,0.00167313050417928,0.0687,0.000504963065558472,0.00395647873392679,-0.0272373540856031,0.00808314087759809,0
2015-12-31,0,0.00326629448198279,-0.000114109659382744,0.0227,0.0045,0.0024,0.00257616487455192,0.05,0.0044,0.128952262864228,-0.099312336795439,0.012217,-0.00344675375902781,-0.00647948164146861,0.000880595450256871,0.0763,-0.0175301983743588,0.000985221674876913,0.002,-0.00114547537227938,-0.00172117039586916
2016-01-31,0,0.00207582057552091,-0.000342368045649133,0.0194,0.0029,0.0034,0.000414957626442503,0.049,0.002,0.109280615046678,-0.0565110794156856,0.011472,0.0538215059843561,-0.00326086956521732,0.00165490081069186,0.0823,-0.0507353444817362,-0.00196850393700787,0.00199600798403199,0.0080275229357798,-0.0051724137931034
2016-02-29,0,0.00207582057552091,0.00142702209030188,0.0174,0.003,0.0038,0.00382081266052992,0.049,0.003,0.0173267326732673,-0.0306296870831645,0.00961,0.107725740245571,-0.00763358778625955,0.00156851263175506,0.0698,-0.00412835525501998,-0.00230111768573305,-0.0199203187250996,0.00227531285551752,-0.00173310225303291
2016-03-31,1,0.00207582057552091,0.00752393980848143,0.0178,0.0042,0.0036,0.000699272915093863,0.05,0.0032,-0.321167883211679,0.0928762906563108,0.010476,-0.00477931975425261,-0.021978021978022,0.00106491825186361,0.0662,0.0659911087189411,-0.00263591433278421,-0.00406504065040658,-0.0113507377979569,0
2016-04-30,0,0.0116152702834629,0.0106924643584523,0.0183,0.0042,0.0037,0.00845687786362581,0.05,8e-04,0.125448028673835,0.0821294335997611,0.010517,0.0493044007300749,0.0640449438202249,0.000298972369390693,0.0626,0.00269936982337593,-0.00231252064750576,-0.00204081632653064,0.0137772675086107,-0.00173611111111116
2016-05-31,1,0.0116152702834629,0.0104114189756506,0.0184,0.0035,0.0037,0.0039843147136176,0.047,0.0012,-0.0961783439490446,-0.0387409827023021,0.009688,-0.0604624554513618,-0.0126715945089757,0.00206437801055137,0.061,0.0153294920834746,-0.00231788079470197,-0.00613496932515334,-0.0101925254813136,0
2016-06-30,0,0.0116152702834629,0.00880837626724285,0.0149,0.0039,0.0038,0.00505082193499806,0.049,2e-04,0.101479915433404,0.0270057023993115,0.00888,0.0876970674390285,-0.0374331550802139,0.0020185064439604,0.0565,0.000906073554097331,-0.00265516096913376,0.00205761316872421,-0.00572082379862704,0
2016-07-31,1,0.0103080482245184,0.00620538165842932,0.0146,0.0049,0.0039,0.00270000312139085,0.049,0.001,-0.240563019833653,-0.0256931834055036,0.007977,0.0222255843861108,-0.00222222222222224,0.00121835563524098,0.053,0.0356098072286859,-0.00266222961730445,-0.00616016427104726,-0.00575373993095507,-0.00173913043478269
2016-08-31,1,0.0103080482245184,0.00354745401953838,0.0158,0.0051,0.004,0.00266938534094985,0.049,0.0014,0.130581297388374,0.00878128332183392,0.007747,-0.0313110532236102,0.0155902004454345,0.00172159880525191,0.0515,-0.00121917556128082,0.00300300300300305,-0.00826446280991733,0.0173611111111112,0
2016-09-30,1,0.0103080482245184,0.00168588209701981,0.016,0.0057,0.004,0.00632582255097525,0.049,8e-04,-0.0096870342771983,0.0237073751343477,0.008325,0.00527132019832366,-0.043859649122807,0.000855868914012792,0.0474,-0.00123448259978343,0.00831669993346651,-0.0083333333333333,-0.0113765642775882,-0.00522648083623689
2016-10-31,1,0.00941928429136851,0.000488625875454618,0.0184,0.0054,0.004,0.00316231141825818,0.048,4e-04,0.283671933784801,-0.00696746203904552,0.009846,-0.0293798019561202,0.0756880733944953,0.00113098768326836,0.0489,-0.0194256250374722,0.0138568129330254,0,-0.00345224395857324,-0.00350262697022774
2016-11-30,0,0.00941928429136851,0.00130236596483613,0.0237,0.0045,0.0041,0.00312927680644615,0.046,6e-04,-0.218640093786635,0.0658208603108863,0.012679,-0.0814353160404319,0.0469083155650321,0.00106771371495484,0.0428,0.0341744467699832,0.00846078750406765,-0.01890756302521,0.015011547344111,0
2016-12-31,0,0.00941928429136851,0.00108389334489489,0.0245,0.005,0.0054,0.00542657642811717,0.047,4e-04,0.0532633158289573,0.0395064764715527,0.01256,-0.0219058983975452,0.00305498981670049,0.00148632375709612,0.0401,0.018200754044233,0.00322684737011936,0,-0.00796359499431176,0
2017-01-31,1,0.00804843235146113,0.00124512776093533,0.0245,0.0051,0.0065,0.00322465066284483,0.048,0.0026,-0.146011396011396,-0.0276027413465406,0.012487,0.0550936819172114,-0.0223350253807106,0.00159405253502443,0.0385,0.0178843413747358,0.0212286908973947,-0.00214132762312635,-0.0080275229357798,0.00878734622144117
2017-02-28,1,0.00804843235146113,0.00205460935387958,0.0236,0.0053,0.0066,0.00113981762917925,0.047,0.0014,0.0775646371976646,-0.0285971500174372,0.011298,0.0311550151975684,0.00623052959501558,0.000342999046462733,0.039,0.0371982605414087,0.0125984251968505,-0.0278969957081546,0.0115606936416186,-0.00174216027874563
2017-03-31,1,0.00804843235146113,0.00809367074947387,0.024,0.004,0.0079,0.004910815939279,0.045,0.0012,-0.0425696594427245,-0.0129077504946858,0.011334,0.000608759732145803,0.00103199174406599,0.00141952915520882,0.0391,-0.000389230170415145,0.00435458786936227,-0.0022075055187637,0.00685714285714289,0
2017-04-30,1,0.0100906168922226,0.0107584435047905,0.0229,0.0038,0.009,0.00317227731746184,0.044,6e-04,-0.125303152789006,-0.0213487612812641,0.010183,0.0152737752161383,0.00103092783505154,0.000992946654796878,0.0374,0.00909121690255299,-0.00340662743883557,0.00221238938053081,0.00567536889897835,0.00523560209424101
2017-05-31,1,0.0100906168922226,0.0110146155475535,0.0221,0.0025,0.0091,0.00215333880452029,0.043,8e-04,-0.0378927911275416,-0.0308030042436237,0.00921,0.000504620430819669,-0.0205973223480947,0.00143663417136985,0.0375,0.0115762100494927,0.000310752019888172,-0.0132450331125826,0.00677200902934549,-0.00173611111111116
2017-06-30,0,0.0100906168922226,0.00911376492771843,0.0231,0.0029,0.0104,0.001412439990083,0.044,0.0026,0.0739673390970221,-0.00854296899383811,0.00922,-0.0215222393846737,-0.0178759200841219,0.00094271954093661,0.0369,0.00481383199270247,0.00372786579683138,-0.00223713646532442,-0.00784753363228707,-0.00173913043478269
2017-07-31,1,0.0127515265057798,0.00700716287760828,0.023,0.0026,0.0115,0.00364615765505549,0.043,0.0092,-0.0822898032200358,0.0364360817046079,0.009451,0.0224144457599409,0.0364025695931476,0.00141957235382839,0.0383,0.0193487688835154,0.00742804085422466,-0.00448430493273544,0.00338983050847452,-0.0156794425087108
