,IYF US Equity,GDP,DGS10,TEDRATE,YIELD_SLOPE,PAYEMS,VIXCLS,CSUSHPINSA,RECPROUSM156N,UNRATE,FEDFUNDS,PCE,BAMLH0A0HYM2,NETEXP,UMCSENT,XAU Curncy,XOI Index,ACILOB,CCSA,DXY Curncy,JTU5200JOR,LUGCTRUU Index,LUMSTRUU Index,M2 Index,TAIEALLGCLCRT100EP,SPX Index
2000-12-31,-0.00574712643678,0.011087677,0.0512,0.0067,0.00016,-0.000188351,-0.094435076,0.004617232,0.0806,0.039,0.064,0.00643161,0.000916,0.0211712098091,-0.0376016260163,-0.023507805326,-0.0154219114219,0.0715846863866,0.0387400277489,0.00876232201533,0.034,0.0167745369182,0.0155693904553,0.010254841998,-0.142558714334,0.034636592238
2001-01-31,-0.0630057803468,0.003421985,0.0519,0.0056,0.00542,0.000542553,-0.179888268,0.003952569,0.1576,0.042,0.0598,0.004398848,0.000787,-0.012471026766,-0.0432946145723,0.00488997555012,-0.00490548884427,0.0715846863866,0.0378795784201,0.0134817227651,0.05,0.0103193000823,0.00572628942505,0.00760801566,0.0,-0.0922906860125
2001-02-28,-0.0252930289944,0.003421985,0.0492,0.0032,0.00506,-0.000203347,0.28746594,0.00384545,0.1868,0.042,0.0549,0.00278182,0.00077,-0.012471026766,0.00993377483444,-0.0344375818828,0.00770855935591,0.0715846863866,0.0397747838327,0.0478528702794,0.039,0.00458885352676,0.00580414524422,0.0114760664931,0.0,-0.0642047195832
2001-03-31,0.0386075949367,0.003421985,0.0493,0.0068,0.00737,-0.002109212,0.010229277,0.006931777,0.2268,0.043,0.0531,-0.001024284,0.000818,-0.012471026766,-0.0338797814208,0.0236479937972,0.104563312179,-0.012309038083,0.043262164462,-0.0137173042515,0.035,-0.00749650040522,0.00138775184202,0.0125537096806,0.0277945291393,0.0768143545371
2001-04-30,0.0371724558196,0.012396412,0.0535,0.0048,0.01062,-0.000294404,-0.110335196,0.007699275,0.2638,0.044,0.048,0.002007946,0.000806,-0.0228501648698,0.0407239819005,0.00681689074039,0.00232558139535,-0.012309038083,0.0452312540551,0.028593642018,0.038,0.00575299248399,0.00663004356886,-0.000547548741616,0.0,0.00509019896595
2001-05-31,-0.000705052878966,0.012396412,0.0543,0.0044,0.01193,-0.000981636,-0.111459969,0.008539326,0.27,0.043,0.0421,0.00666553,0.000768,-0.0228501648698,0.00652173913043,0.0188075982697,-0.0636515627133,-0.012309038083,0.0454553516006,0.00335936843873,0.036,0.00479749054341,0.00213933403324,0.0078655422724,0.0,-0.0250035833161
2001-06-30,-0.00705550329257,0.012396412,0.0542,0.0027,0.0117,-0.00083899,-0.158127208,0.009536542,0.2748,0.045,0.0397,0.001976536,0.000816,-0.0228501648698,-0.00215982721382,-0.0155067380469,-0.00103853511889,-0.0315221074987,0.0282791612947,-0.0191679919645,0.041,0.0249196584336,0.017750192722,0.00580458542836,-0.0687718927672,-0.0107724473628
2001-07-31,-0.0620558976788,0.000103587,0.0507,0.0021,0.01257,-0.001180111,0.134312697,0.008475324,0.2598,0.046,0.0377,0.001704922,0.000827,-0.0294486042392,-0.00974025974026,0.0290643165198,0.00103961479536,-0.0315221074987,0.0294481563969,-0.0320873869261,0.039,0.0128377409876,0.00882712812445,0.00652383709709,0.0,-0.0641083856906
2001-08-31,-0.0612373737374,0.000103587,0.0485,0.0016,0.01203,-0.001825274,0.152636448,0.006653243,0.2378,0.049,0.0365,0.005190457,0.000805,-0.0294486042392,-0.106010928962,0.068695335277,-0.0923567459233,-0.0315221074987,0.0455769230769,-8.81678716276e-05,0.029,0.00919889967008,0.0149778124308,0.0213047480249,0.0,-0.0817233896152
2001-09-30,-0.0180228648285,0.000103587,0.046,0.0024,0.01737,-0.002481145,0.281300161,0.004174276,0.2298,0.05,0.0307,-0.0127762,0.001018,-0.0294486042392,0.0110024449878,-0.0463768115942,0.0196924682833,-0.0228853771538,0.0813254858684,0.0127854686536,0.034,0.0253731474097,0.0138273759282,-0.00259111136146,0.149276677252,0.0180990258805
2001-10-31,0.0751951787426,0.005811465,0.043,0.0019,0.01809,-0.002213483,0.05104917,0.001818654,0.1704,0.053,0.0249,0.027697454,0.000961,0.0112674843604,0.0145102781137,-0.0187734668335,-0.0338012087328,-0.0228853771538,0.0365698086464,0.0110569388821,0.033,-0.0164113785558,-0.00924219605055,0.00817002691967,0.0,0.0751759799204
2001-11-30,0.0253503184713,0.005811465,0.0478,0.0028,0.01911,-0.001311215,-0.289630513,0.001383126,0.1238,0.055,0.0209,-0.005599846,0.000839,0.0112674843604,0.0584028605483,0.0165816326531,0.0594743276284,-0.0228853771538,-0.018350881991,0.00533884439852,0.025,-0.00788202169077,-0.0037672429258,0.00987769582672,0.0,0.00757382947913
2001-12-31,-0.0211206361039,0.005811465,0.0507,0.0017,0.02025,-0.001030503,-0.001677852,0.001899171,0.0508,0.057,0.0182,-0.002718597,0.000824,0.0112674843604,0.0472972972973,0.012905538627,-0.0226735129522,-0.00730097792039,-0.0108374658717,0.0296359743041,0.024,0.00734901239434,0.00925943476695,0.00377191036166,-0.0299938597838,-0.0155738276078
2002-01-31,-0.00748825993146,0.012440338,0.0507,0.0015,0.01874,-0.001039207,-0.113865546,0.003274169,0.018,0.057,0.0173,0.003852573,0.000789,-0.00653110018529,-0.0247311827957,0.0495487524332,0.0351829988194,-0.00730097792039,0.00105618926912,-0.00873471425006,0.052,0.00848666133352,0.0113812434854,0.00536030061892,0.0,-0.0207662360644
2002-02-28,0.0588235294118,0.012440338,0.0488,0.0014,0.01816,-0.000160633,0.023707918,0.004122295,0.0132,0.057,0.0174,0.005819028,0.000819,-0.00653110018529,0.0551267916207,0.0205698870342,0.0756348844282,-0.00730097792039,0.0159105296476,-0.00453172205438,0.022,-0.0202879806863,-0.0105939481723,0.00223529196211,0.0,0.0367388613302
2002-03-31,-0.0178743961353,0.012440338,0.0542,0.0027,0.01685,-0.000596732,-0.194071329,0.008638385,0.0042,0.057,0.0173,0.002341695,0.000708,-0.00653110018529,-0.0282131661442,0.0191640508839,-0.0428897096506,0.0146275764208,0.0217264872051,-0.0289158657899,0.031,0.0193703961206,0.0189373322573,0.0,0.0248399111528,-0.0614176522368
2002-04-30,-0.00147565174619,0.009258158,0.0511,0.0018,0.018647,-3.83e-05,0.259195402,0.010853896,0.0024,0.059,0.0175,0.009468578,0.000688,0.021598797006,0.041935483871,0.0586804992705,0.00799483013294,0.0146275764208,0.00616656501999,-0.029342824898,0.032,0.00922920192009,0.00725732179039,0.00467998756878,0.0,-0.00908145451844
2002-05-31,-0.048645320197,0.009258158,0.0508,0.0019,0.018499,0.000428695,-0.088087631,0.013253922,0.001,0.058,0.0175,-0.003240035,0.000728,0.021598797006,-0.046439628483,-0.0370540499158,0.00461597640723,0.0146275764208,-0.0206896551724,-0.0509793399517,0.024,0.00850321222957,0.0082473849755,0.00440344269156,0.0,-0.072464718781
2002-06-30,-0.0763754045307,0.009258158,0.0486,0.0019,0.019861,-0.000642767,0.271271271,0.0127494,0.0018,0.058,0.0175,0.006050425,0.000875,0.021598797006,-0.0465367965368,-0.0346636985212,-0.119208679004,-0.0151799597982,-0.0360227772887,0.0122514371878,0.027,0.0120450246414,0.0114446358937,0.00768129857425,0.0907140651196,-0.0789949586284
2002-07-31,0.0232655921514,0.009355951,0.0451,0.0014,0.022249,-0.000107197,0.261023622,0.011117469,0.0062,0.058,0.0173,0.007887485,0.000971,-0.00675719269937,-0.00567536889898,0.0303080217427,0.0155671020763,-0.0151799597982,0.00358136548477,-0.00400335164324,0.032,0.0224203971134,0.00786321414482,0.00760476781188,0.0,0.00488141988987
2002-08-31,-0.115874537735,0.009355951,0.0414,0.0015,0.019919,-0.000459464,0.019044646,0.008408117,0.0062,0.057,0.0174,0.003340427,0.000961,-0.00675719269937,-0.0171232876712,0.0345323741007,-0.0937850343464,-0.0151799597982,0.0108621474067,-0.00102822957562,0.027,0.0215106651583,0.00709907569679,0.00442493665917,0.0,-0.110024343118
2002-09-30,0.0805577072037,0.009355951,0.0363,0.0025,0.019109,0.000934673,0.215992647,0.006093161,0.0046,0.057,0.0175,-0.003074238,0.001033,-0.00675719269937,-0.0638792102207,-0.0179261319734,-0.0326375455486,-0.00298458605717,0.000210970464135,-0.00215214746889,0.02,-0.00955782039965,0.00382485182012,0.00785163605358,0.0352872174216,0.0864488273967
2002-10-31,0.0367025089606,0.006050254,0.0393,0.0027,0.022228,9.95e-05,-0.215419501,0.005179696,0.005,0.057,0.0175,0.00581732,0.001059,-0.0101183809645,0.0446650124069,0.00125885129819,0.0157648754854,-0.00298458605717,-0.0206285593757,-0.00243810952738,0.033,0.00059148105235,-0.00071277719113,0.00874224478285,0.0,0.0570696351156
2002-11-30,-0.056700318075,0.006050254,0.0422,0.0023,0.021489,-0.001209227,-0.116891458,0.00396385,0.005,0.059,0.0134,0.004083381,0.000883,-0.0101183809645,0.0296912114014,0.0939808266541,0.022868261417,-0.00298458605717,0.000100505398576,-0.0425831923294,0.028,0.0264956434425,0.0104439102141,0.00366927592955,0.0,-0.0603325821576
2002-12-31,-0.0177393344084,0.006050254,0.0383,0.0018,0.022178,0.000704959,0.040727273,0.004027164,0.0082,0.06,0.0124,0.007040188,0.00089,-0.0101183809645,-0.0495963091119,0.0577503232294,-0.0444230597082,-0.00557181069363,-0.0195965831599,-0.0190476190476,0.022,-3.15547000727e-05,0.00244019347248,0.00569269872219,-0.0848570982047,-0.027414698461
2003-01-31,-0.0288059701493,0.011369406,0.04,0.0019,0.022734,-0.001140923,0.089098532,0.003932363,0.0032,0.058,0.0124,0.003561687,0.000829,0.0532166341922,-0.0303398058252,-0.0494363710444,-0.00264643200075,-0.00557181069363,0.00658954458925,-0.00200180162146,0.037,0.0178131902808,0.00670289067594,0.00623171597223,0.0,-0.017003622765
2003-02-28,-0.00276625172891,0.011369406,0.0371,0.0016,0.021817,-0.001602183,-0.049406481,0.005327066,0.0046,0.059,0.0126,-0.000778415,0.000838,0.0532166341922,-0.0287859824781,-0.0357193884841,0.00965105903349,-0.00557181069363,0.0302007564737,-0.00832414000602,0.021,-0.0013021438869,8.63587688693e-05,0.0035610452614,0.0,0.00835760565892
2003-03-31,0.115734319618,0.011369406,0.0383,0.0016,0.023144,-0.000337843,-0.016199798,0.007636562,0.006,0.059,0.0125,0.007116827,0.000772,0.0532166341922,0.10824742268,0.00325974218403,0.00183733748866,0.0083317148961,0.0251214414822,-0.0170914239482,0.022,0.0106868451688,0.00417940348514,0.00634256719693,0.00621727923322,0.0810441179938
2003-04-30,0.053729281768,0.012517722,0.0389,0.002,0.023543,-5.38e-05,-0.27238422,0.009125358,0.005,0.06,0.0126,0.004483776,0.000644,-0.0919712026308,0.0709302325581,0.0765027322404,0.0940895162039,0.0083317148961,0.0246435704938,-0.0401275851425,0.035,0.0284196057653,0.000825522400894,0.010373726706,0.0,0.0508986607338
2003-05-31,-0.00104863022677,0.012517722,0.0337,0.0019,0.020482,7.68e-05,-0.082036775,0.01034562,0.001,0.061,0.0126,0.000978895,0.000679,-0.0919712026308,-0.0260586319218,-0.0495266840445,0.00500753251713,0.0083317148961,-0.00475908797591,0.0154357380212,0.024,-0.00400215040918,0.00163249875415,0.00618730506617,0.0,0.0113222428626
2003-06-30,0.0464505970345,0.012517722,0.0354,0.0023,0.022134,0.000168975,0.002568053,0.010543083,0.0006,0.063,0.0122,0.007002034,0.000613,-0.0919712026308,0.0133779264214,0.0229503464203,-0.0239839543967,0.00415551146979,-0.0230312035661,0.0228016467856,0.022,-0.041921554516,-0.018734559429,0.00782480479877,0.0600224878809,0.0162237044638
2003-07-31,-0.00777429467085,0.022380773,0.0449,0.0017,0.026657,-0.000314854,-0.001536885,0.01065826,0.001,0.062,0.0101,0.007885639,0.000567,0.0188259435649,-0.017601760176,0.0598278538168,0.0385256008133,0.00415551146979,-0.00548911164881,0.0124883888946,0.03,0.00659624413146,0.00711588222953,0.00960946981662,0.0,0.017873191223
2003-08-31,0.00518134715026,0.022380773,0.0445,0.0018,0.024957,0.000798906,-0.044125192,0.009728927,0.0014,0.061,0.0103,0.012217683,0.000546,0.0188259435649,-0.0179171332587,0.0260950605778,0.000124973963758,0.00415551146979,-0.00574185296408,-0.0535168195719,0.03,0.0316768110196,0.0170390431054,-0.00459433201047,0.0,-0.0119443259491
2003-09-30,0.0668845863716,0.022380773,0.0396,0.0023,0.024799,0.001558158,0.219538379,0.008237717,0.0002,0.061,0.0101,-0.000621914,0.000551,0.0188259435649,0.0216647662486,-0.00285454781368,0.0210763078974,-0.0192290171143,-0.025029714046,-0.00129240710824,0.023,-0.0126584186018,-0.00346508035402,-0.00160468501853,0.201883290054,0.0549614948241
2003-10-31,0.00459580485506,0.016489268,0.0433,0.0023,0.024752,8.43e-05,-0.291373239,0.006565509,0.0002,0.06,0.0101,0.002108204,0.000473,0.00646450651657,0.0457589285714,0.0361743656474,0.0097291343722,-0.0192290171143,-0.0323700250986,-0.0269599913728,0.03,0.00265571818862,0.00208970307375,0.000762207751321,0.0,0.00712851310067
2003-11-30,0.0327272727273,0.016489268,0.0434,0.0026,0.022879,0.000942558,0.013664596,0.005725467,0.0006,0.058,0.01,0.007578638,0.000448,0.00646450651657,-0.0117395944504,0.0434509606932,0.136471063529,-0.0192290171143,-0.0305774589435,-0.0366840297019,0.025,0.00986406466442,0.0107429470032,-0.00038081361657,0.0,0.0507654507655
2003-12-31,0.0356656065425,0.016489268,0.0427,0.0022,0.024266,0.001217281,0.121936275,0.006197305,0.0014,0.057,0.0098,0.003006138,0.000418,0.00646450651657,0.120950323974,-0.0312913708027,0.00120865253017,-0.0112111240949,-0.0373213057106,0.00322135296825,0.023,0.00908186491009,0.00626564296827,0.00137476397125,-0.0673863087606,0.0172764227642
2004-01-31,0.0234700592235,0.014519634,0.0416,0.0023,0.02313,0.000367034,-0.09175314,0.007734727,0.0002,0.057,0.01,0.00790038,0.000405,-0.00561181129326,-0.0905587668593,-0.015654118524,0.0534893216638,-0.0112111240949,-0.0106251191157,0.00126146788991,0.041,0.0122341974949,0.00842821730179,0.00643432522289,0.0,0.0122090299081
2004-02-29,-0.00707243891985,0.014519634,0.0399,0.0018,0.023301,0.002530078,-0.125075165,0.009452065,0.0,0.056,0.0101,0.004329812,0.000434,-0.00561181129326,0.0148305084746,0.0764861794775,0.000741464729871,-0.0112111240949,-0.0219921342002,0.00343603252777,0.031,0.00917911824387,0.00438304113059,0.00591657627453,0.0,-0.0163589358394
2004-03-31,-0.0574142024606,0.014519634,0.0386,0.0018,0.02263,0.001913737,0.150515464,0.014432554,0.0004,0.058,0.01,0.006057903,0.000441,-0.00561181129326,-0.0167014613779,-0.0930941493727,0.0180345535985,0.0338119820408,-0.0149363972097,0.0327588174866,0.027,-0.0307014016334,-0.0178041050658,0.00656798353103,0.0259837071755,-0.016790829419
2004-04-30,0.0259903824136,0.016098475,0.0453,0.0022,0.021908,0.002336235,0.02688172,0.014504823,0.0002,0.056,0.01,0.002536633,0.000391,0.00465193641877,-0.0424628450106,0.0227537168714,0.000231569545297,0.0338119820408,-0.00838123802383,-0.0174624226348,0.037,-0.00512182243343,-0.00218772172855,0.0124496818595,0.0,0.0120834462205
2004-05-31,0.00234348844995,0.016098475,0.0466,0.0025,0.021145,0.000584596,-0.098312973,0.014776303,0.0006,0.056,0.01,0.008757492,0.000428,0.00465193641877,0.059866962306,-0.00328656301353,0.0541581915298,0.0338119820408,-0.00835125688937,-0.00112485939258,0.03,0.00411703603733,0.00884626129062,0.000288577154309,0.0,0.0179890780597
2004-06-30,-0.0242707637497,0.016098475,0.0462,0.003,0.019034,0.000341447,-0.07483871,0.014695969,0.0102,0.056,0.0103,-0.001010605,0.00041,0.00465193641877,0.0115062761506,-0.00811667723526,0.0223072820255,0.0160660818658,-0.0114377700585,0.0130630630631,0.026,0.0105637525107,0.00896168627385,0.00209959450579,0.158558339062,-0.0342905227727
2004-07-31,0.0395937927887,0.015297587,0.045,0.0028,0.017976,0.00090263,0.068340307,0.012091416,0.001,0.055,0.0126,0.008056456,0.000402,-0.0114689578351,-0.00827300930714,0.0480756936453,-0.01876687945,0.0160660818658,-0.00874185807336,-0.01133837261,0.041,0.0211607002757,0.0154189052078,0.00412641545646,0.0,0.00228733253458
2004-08-31,-0.0094391395017,0.015297587,0.0413,0.0023,0.017256,0.001227682,-0.001958225,0.009649468,0.0008,0.054,0.0143,0.002865537,0.000406,-0.0114689578351,-0.0177267987487,0.0204953031597,0.0927203065134,0.0160660818658,-0.00994293619229,-0.0176523498988,0.031,0.00349760362931,0.00152339142969,0.00555891816126,0.0,0.00936390639716
2004-09-30,0.0105263157895,0.015297587,0.0414,0.0034,0.015144,0.002618871,-0.127534336,0.008451986,0.0006,0.054,0.0161,0.009476273,0.000383,-0.0114689578351,-0.0265392781316,0.0246264196055,-0.00445086870653,0.000955595411259,-0.0296044013623,-0.0281561176605,0.04,0.00866249097657,0.00805515120786,0.00445106207727,0.115317886515,0.0140142475192
2004-10-31,0.0342105263158,0.015719843,0.0405,0.003,0.014751,0.000498249,0.21964018,0.007671975,0.0,0.055,0.0176,0.005362475,0.000363,-0.027143477842,0.0119956379498,0.0522692801307,0.0693184595259,0.000955595411259,-0.0156587473002,-0.0363914733247,0.039,-0.0111254888637,-0.00249052868975,0.00428940894468,0.0,0.0385949389489
2004-11-30,0.0356234096692,0.015719843,0.0436,0.0022,0.013525,0.000973365,-0.186232329,0.007677543,0.001,0.054,0.0193,0.004811176,0.000317,-0.027143477842,0.0463362068966,-0.0277192593414,-0.0305572360019,0.000955595411259,-0.00566831230572,-0.0118552921046,0.027,0.0106292765659,0.00704294079375,0.00298348093713,0.0,0.0324581281628
2004-12-31,-0.0282555282555,0.015719843,0.0424,0.0038,0.011531,0.001025185,0.003776435,0.007428571,0.0,0.054,0.0216,0.006868911,0.00031,-0.027143477842,-0.0164778578785,-0.0361500741248,0.0338223873974,0.0224891363645,0.00176535490989,0.0336425479283,0.034,0.00695137653169,0.00532198407443,0.00100197263362,-0.0251314823669,-0.0252904482144
2005-01-31,-0.00516224188791,0.020025691,0.0414,0.0027,0.008564,0.001799767,-0.035364936,0.009264511,0.0018,0.053,0.0228,0.00055187,0.000329,0.0237723911899,-0.0146596858639,0.030880265026,0.155437217475,0.0224891363645,-0.0136941038255,-0.0126839775039,0.043,-0.00658731241963,-0.00463509659798,0.00126685226313,0.0,0.0189033836464
2005-02-28,-0.0395001588478,0.020025691,0.0436,0.002,0.007808,0.001014778,-0.057722309,0.011177719,0.0006,0.054,0.025,0.006395813,0.000283,0.0237723911899,-0.0159404888417,-0.0167565706416,-0.0102973101615,0.0224891363645,-0.0100502512563,0.0187856017452,0.033,-0.00704317014969,-0.00185621590212,0.00132773082991,0.0,-0.0191176470588
2005-03-31,0.00110253583241,0.020025691,0.045,0.0039,0.00707,0.002733369,0.160596026,0.016365096,0.002,0.052,0.0263,0.00545728,0.000352,0.0237723911899,-0.0529157667387,0.0141239640481,-0.0420517993713,0.0218197205383,-0.020718180109,0.00440161789198,0.029,0.0149946109703,0.0110690664467,0.00224634968177,0.0152279179647,-0.0201085897729
2005-04-30,0.0321585903084,0.012514234,0.0421,0.0037,0.005481,0.001325515,0.092011412,0.014704095,0.0006,0.052,0.0279,0.010832125,0.000419,0.00248922250784,-0.00912200684151,-0.0394797421731,0.0119264819327,0.0218197205383,-0.00696897557979,0.0394409570058,0.042,0.0125417040359,0.00787703823362,0.00255260864151,0.0,0.0299520248952
2005-05-31,0.0125906956893,0.012514234,0.04,0.0041,0.004074,0.001832324,-0.131939909,0.015209581,0.0008,0.051,0.03,-0.004050069,0.000413,0.00248922250784,0.104718066743,0.043738765728,0.0754952142399,0.0218197205383,0.00531657805703,0.0151549680948,0.02,0.00653330782367,0.00362606322204,0.00495249332423,0.0,-0.000142677297524
2005-06-30,0.0212855637513,0.012514234,0.0394,0.0046,0.002799,0.002791982,-0.094055681,0.014568833,0.0008,0.05,0.0304,0.010909384,0.000385,0.00248922250784,0.00520833333333,-0.0130884041332,0.0608123312331,0.0278535483116,-0.00184615384615,0.0029183971265,0.035,-0.0112569960224,-0.00501229355912,0.00477360152014,0.0112368724549,0.0359682036044
2005-07-31,-0.0225959554272,0.017832628,0.0428,0.0036,0.002613,0.001459104,-0.039036545,0.012150456,0.005,0.05,0.0326,0.010552346,0.00033,-0.0116990771175,-0.0766839378238,0.012563983248,0.0789627194145,0.0278535483116,-0.00556797163995,-0.0198097369894,0.042,0.014931005511,0.00885940169242,0.004950799508,0.0,-0.0112220259606
2005-08-31,0.00137232133432,0.017832628,0.0402,0.0043,0.002023,0.000498049,0.089023336,0.010453762,0.0156,0.049,0.035,0.000530001,0.000366,-0.0116990771175,-0.136924803591,0.0783547794118,0.0580064877617,0.0278535483116,0.0526009880849,0.0221511760676,0.037,-0.0130837712129,-0.00526108529574,0.00511000275389,0.0,0.00694894004081
2005-09-30,0.0260383723382,0.017832628,0.0434,0.006,0.001591,0.000624108,-0.053968254,0.009606639,0.1036,0.05,0.0362,0.005748033,0.000354,-0.0116990771175,-0.0351105331599,-0.00875772427019,-0.0842601109346,0.0188613969783,0.0319896926192,0.00614387846291,0.036,-0.00855855215457,-0.00696742727748,0.00528190452996,0.0246630736831,-0.0177407410421
2005-10-31,0.0445905681701,0.013341769,0.0457,0.0037,0.001768,0.002532003,0.285234899,0.006418558,0.0028,0.05,0.0378,0.004034246,0.000361,-0.0142937597404,0.099730458221,0.0599539972914,-0.0134027312757,0.0188613969783,-0.0364378968396,0.0166537137782,0.047,0.00512640348739,0.00325301781187,0.00296776342686,0.0,0.035186121076
2005-11-30,-0.00570473099243,0.013341769,0.0449,0.0056,0.000772,0.001162817,-0.212793734,0.005202797,0.0002,0.05,0.04,0.003136301,0.000367,-0.0142937597404,0.121323529412,0.0485113977448,0.0148291358583,0.0188613969783,-0.0228968070338,-0.0043682428743,0.038,0.00950145874498,0.00978304061035,0.00412143903139,0.0,-0.000952396196818
2005-12-31,0.0138490454051,0.013341769,0.0439,0.0055,-8.5e-05,0.002056609,0.000829187,0.002393143,0.0002,0.049,0.0416,0.00435039,0.000371,-0.0142937597404,-0.00327868852459,0.100386847195,0.158355542495,0.00811924850746,-0.0312192164886,-0.024240429966,0.043,-0.0018301170851,0.00321892634247,0.00634471974982,-0.107985829528,0.0254668386353
2006-01-31,0.020587374378,0.019973278,0.0453,0.0031,-3e-06,0.002325547,0.072908036,0.003997557,0.0002,0.047,0.0429,0.008120264,0.000342,0.0449410335708,-0.0493421052632,-0.0129196695377,-0.0975067798093,0.00811924850746,-0.019456394212,0.0129271582734,0.052,0.00270419504184,0.00465991998117,0.00361550183763,0.0,0.000453096681458
2006-02-28,0.0057361376673,0.019973278,0.0455,0.0031,-0.001236,0.002077088,-0.047104247,0.003760438,0.001,0.048,0.0449,0.003802156,0.000337,0.0449410335708,0.0253748558247,0.0393553557119,0.0377166453414,0.00811924850746,-0.0206401435836,-0.00421706802797,0.048,-0.0109852870577,-0.00848013493253,0.00193521495772,0.0,0.0110646073119
2006-03-31,0.0320342205323,0.019973278,0.0486,0.0048,0.000311,0.001345104,-0.076985413,0.00683158,0.0012,0.047,0.0459,0.003656387,0.000313,0.0449410335708,-0.0168728908886,0.12127130986,0.0533464107235,0.0350592207925,-0.0221950722867,-0.0403432519782,0.041,-0.00313374450346,5.51276599095e-05,0.00574985885359,0.0427624435472,0.0121869280137
2006-04-30,-0.0366583770839,0.0110551,0.0507,0.0048,0.001922,0.00018351,0.017559263,0.004924761,0.0014,0.047,0.0479,0.006020877,0.000304,-0.0448093074052,-0.0949656750572,-0.014103876656,-0.0261160278807,0.0350592207925,-0.00718450645564,-0.0161421437696,0.056,-0.000558543204749,-0.0018978619522,0.000753401385668,0.0,-0.0309169012902
2006-05-31,-0.00497179462664,0.0110551,0.0512,0.005,0.000856,0.000579787,0.418464193,0.003974952,0.002,0.046,0.0494,0.003339369,0.000312,-0.0448093074052,0.0733249051833,-0.0454897706138,0.0502545050582,0.0350592207925,0.0103828002098,0.00519357884797,0.043,0.002299904708,0.00193303036041,0.00538793103448,0.0,8.66080356511e-05
2006-06-30,0.0183530316133,0.0110551,0.0515,0.0061,-0.000134,0.001510973,-0.204379562,0.000922009,0.001,0.046,0.0499,0.003209388,0.000335,-0.0448093074052,-0.00235571260306,0.0339368352683,0.0434194555228,-0.00586153915862,0.01698152377,0.00164396430249,0.037,0.0130171846853,0.0143240753136,0.00594635070255,0.0240518169464,0.00508581325775
2006-07-31,0.0135874693338,0.007877219,0.0499,0.005,0.000294,0.001340247,0.142966361,0.000379301,0.0008,0.047,0.0524,0.008250932,0.000345,-0.0111794549732,-0.0318772136954,-0.0148409893993,-0.0481603350284,-0.00586153915862,0.0068792357312,-0.00293083235639,0.031,0.0158136515351,0.0145332588038,0.00432028490527,0.0,0.0212742625288
2006-08-31,0.0333271271644,0.007877219,0.0474,0.0048,-0.000496,0.001119035,-0.176588629,-0.001083306,0.001,0.047,0.0525,0.000876031,0.000349,-0.0111794549732,0.0414634146341,-0.0462298740634,-0.0538358125567,-0.00586153915862,-0.00812975164724,0.0115226337449,0.034,0.00978784889618,0.00699418426691,0.00377852056387,0.0,0.0245662744857
2006-09-30,0.0228828828829,0.007877219,0.0464,0.006,-0.000553,5.84e-05,-0.026807474,-0.001138705,0.0018,0.045,0.0525,0.00270051,0.000344,-0.0111794549732,0.096018735363,0.0138726391442,0.0470175762329,-0.0181316450242,2.04398659145e-05,-0.00825293502267,0.032,0.00629458665548,0.00724957064912,0.00723903286521,0.0956986615837,0.031508028596
2006-10-31,0.0108331865422,0.011350758,0.0461,0.0042,-0.000945,0.001526818,-0.07345576,-0.000814288,0.0016,0.044,0.0525,0.00206517,0.000329,-0.0051090848951,-0.0160256410256,0.0682492581602,0.0679408887831,-0.0181316450242,0.0121614716403,-0.0277777777778,0.039,0.0117037421895,0.0114675438332,0.00582147477361,0.0,0.0164666095766
2006-11-30,0.0252679271587,0.011350758,0.0446,0.0047,-0.001503,0.00124731,-0.017117117,-0.002281865,0.0012,0.045,0.0525,0.001901565,0.00032,-0.0051090848951,-0.0043431053203,-0.0174382716049,-0.0195889133682,-0.0181316450242,0.00210016155089,0.0084388185654,0.035,-0.0075815933509,-0.00275233463615,0.00627366916756,0.0,0.0126157514833
2006-12-31,0.0138522988017,0.011350758,0.0471,0.0047,-0.001058,0.00174843,0.059578368,-0.002178175,0.0008,0.044,0.0524,0.009044448,0.000289,-0.0051090848951,0.0567066521265,0.0259148735668,-0.0201149667135,0.035548803646,0.0173504755763,0.0113568439928,0.032,-0.000830677887627,0.000643235925474,0.00528304030449,-0.0998606405501,0.0140590848199
2007-01-31,-0.0279966471081,0.011862051,0.0483,0.0037,-0.001085,0.000647244,-0.098615917,-0.002783235,0.0028,0.046,0.0525,0.003845952,0.000272,-0.0561166246573,-0.0577915376677,0.0247244335579,-0.0179082171661,0.035548803646,0.0178270773497,-0.0121749408983,0.034,0.0172611178499,0.0123332212131,0.00213319017885,0.0,-0.0218461452887
2007-02-28,-0.0168161434978,0.011862051,0.0456,0.0034,-0.000766,0.001380864,0.479846449,-0.001368139,0.0004,0.045,0.0526,0.003946363,0.000282,-0.0561166246573,-0.0317634173056,-0.00829162620453,0.0637473544279,0.035548803646,-0.0195582368395,-0.00765825056839,0.032,-0.00173500626344,0.00263595082512,0.00431368679251,0.0,0.00997995479166
2007-03-31,0.0367511621788,0.011862051,0.0465,0.0045,0.000699,0.000580615,-0.050583658,-0.001534415,0.0004,0.044,0.0526,0.004254077,0.000285,-0.0561166246573,-0.0147058823529,0.0220699005725,0.0450214172374,0.0291775675037,-0.00913060738388,-0.0178825515495,0.038,0.00586498456583,0.00493401673147,0.0105413865222,0.057381202842,0.0432906831074
2007-04-30,0.0231810490694,0.013284901,0.0463,0.0057,0.000312,0.001037247,-0.028688525,-0.000329308,0.0,0.045,0.0525,0.004049171,0.000274,-0.00431819972864,0.0137772675086,-0.026457366055,0.0761484418639,0.0291775675037,-0.0193309294872,0.0104853462988,0.026,-0.00861942439324,-0.0057451891369,0.00173625579909,0.0,0.0325492286001
2007-05-31,-0.0473788655532,0.013284901,0.049,0.0076,-0.000202,0.000543447,-0.082278481,-0.001372571,0.0008,0.044,0.0525,0.003960457,0.000246,-0.00431819972864,-0.0339750849377,-0.0164269492808,0.0307487608381,0.0291775675037,0.0139924420386,-0.00462934836758,0.036,-0.00209956797351,-0.00420112324769,0.00440937894314,0.0,-0.0178163097307
2007-06-30,-0.0817637357868,0.013284901,0.0503,0.0068,0.001662,-0.000246229,0.243678161,-0.001869262,0.002,0.046,0.0525,0.001483175,0.000298,-0.00431819972864,0.0597889800703,0.0225506041715,-0.0336260213345,-0.0133713978001,0.0242747784045,-0.0140380859375,0.032,0.00997370018208,0.00677235988987,0.0040172839847,0.0427851849893,-0.0319819070742
2007-07-31,0.016258625579,0.01021764,0.0478,0.0054,0.002214,-0.000144876,0.449168207,-0.003029468,0.0038,0.047,0.0526,0.0037333,0.000419,-0.0595703002863,-0.0774336283186,0.0135480957399,0.0023853035941,-0.0133713978001,0.00422853771266,0.000259997523833,0.038,0.0127930346066,0.0117700682973,0.010339896601,0.0,0.0128635923231
2007-08-31,0.0196260812948,0.01021764,0.0454,0.0171,0.003972,0.000637547,-0.005952381,-0.004143646,0.0032,0.046,0.0502,0.004200992,0.000455,-0.0595703002863,0.0,0.104411109461,0.0544678420806,-0.0133713978001,-0.00618879749315,-0.0380240373309,0.035,0.00700135148499,0.0076803464512,0.00228633641807,0.0,0.0357940013162
2007-09-30,-0.0159642401022,0.01021764,0.0459,0.0151,0.00603,0.00060818,-0.230111206,-0.006213592,0.0056,0.047,0.0494,0.003765076,0.00042,-0.0595703002863,-0.0299760191847,0.0715438407746,0.0385723709336,0.0281727446755,0.00967602081034,-0.0159549144997,0.037,0.00908692151073,0.0101023211543,0.00199598088203,0.0933873845891,0.0148223350254
2007-10-31,-0.0724019653286,0.007938063,0.0448,0.0105,0.005256,0.000824885,0.029444444,-0.008876235,0.0182,0.047,0.0476,0.00166709,0.000436,-0.0095602013026,-0.0593325092707,-0.0166290160643,-0.0441666109514,0.0281727446755,0.0214696984483,-0.00434106094483,0.032,0.0197489214001,0.0174326465927,0.00451250084694,0.0,-0.0440434238211
2007-11-30,-0.0591645012992,0.007938063,0.0397,0.0205,0.009432,0.000708528,0.234214787,-0.013292779,0.026,0.047,0.0449,0.007580755,0.000575,-0.0095602013026,-0.00788436268068,0.0640035734797,0.0909739514843,0.0281727446755,0.036400114646,0.00719660656362,0.028,0.00192773843834,0.00283461031125,0.00423591625297,0.0,-0.00862848886668
2007-12-31,-0.00286806883365,0.007938063,0.0404,0.0141,0.009766,0.000122821,-0.0161784,-0.010389314,0.078,0.05,0.0424,0.001913664,0.000592,-0.0095602013026,0.0384105960265,0.110831234257,-0.121491312432,-0.00170181539987,0.0319874631268,-0.0197796466523,0.03,0.0190370963031,0.0184568454047,0.00432551516617,-0.0705864618935,-0.0611634748972
2008-01-31,-0.104613827634,-0.001149787,0.0367,0.0119,0.015002,-0.000606805,0.164444444,-0.013094139,0.1954,0.05,0.0394,0.001568217,0.000695,0.0430401401833,-0.0969387755102,0.0516142965123,0.0368848570657,-0.00170181539987,0.0162572577043,-0.0194737822235,0.039,0.00629361914257,0.000164873665554,0.011128350543,0.0,-0.0347611620906
2008-02-29,-0.0285532760896,-0.001149787,0.0353,0.0125,0.018934,-0.000563804,0.012977099,-0.010988369,0.3808,0.049,0.0298,-0.00075277,0.000767,0.0430401401833,-0.0183615819209,-0.0585275695657,-0.0584691184234,-0.00170181539987,0.0241012569219,-0.0259380850313,0.028,-0.000123846677813,0.00561851775534,0.00830731784751,0.0,-0.00595958305464
2008-03-31,0.0623392529088,-0.001149787,0.0345,0.0133,0.018272,-0.00151879,-0.035041447,-0.007623663,0.5098,0.051,0.0261,0.004871581,0.000821,0.0430401401833,-0.0992805755396,-0.0429163485658,0.109944082292,0.0195377715914,0.0175775885746,0.00984652238099,0.026,-0.00590821824488,0.000956231899896,0.00599548698573,-0.0040266111903,0.0475466848114
2008-04-30,-0.0481899930828,0.009853055,0.0377,0.0144,0.014742,-0.00134726,-0.188207731,-0.003454026,0.6208,0.05,0.0228,0.004038304,0.000686,-0.128332263112,-0.0447284345048,0.0101988490684,0.057140932817,0.0195377715914,0.0167341430499,0.00510281482299,0.026,-0.0103042687333,-0.00530201708655,0.00123889881457,0.0,0.0106741532488
2008-05-31,-0.177688953488,0.009853055,0.0406,0.0083,0.014184,-0.001175003,-0.142376142,-0.001852516,0.7004,0.054,0.0198,0.004848376,0.000653,-0.128332263112,-0.056856187291,0.043880428652,-0.0219292936372,0.0195377715914,0.0146502521901,-0.00570809149412,0.021,0.00102604776473,-0.000569386229085,0.00212305928936,0.0,-0.0859623816393
2008-06-30,0.0646634261305,0.009853055,0.0399,0.0091,0.013526,-0.001546729,0.343241727,-0.002873735,0.773,0.056,0.02,0.005558143,0.000735,-0.128332263112,0.0851063829787,-0.0122109358115,-0.134095898174,0.0392509529909,0.0387539857739,0.0105433117591,0.025,-6.28831944662e-06,-0.00139338861128,0.00584878930061,0.0980346103982,-0.009859375
2008-07-31,0.000484228002214,0.002025859,0.0399,0.0114,0.014383,-0.001941861,-0.04217119,-0.004923446,0.9252,0.058,0.0201,0.000167498,0.0008,0.00564649958158,0.0294117647059,-0.0907449950771,-0.00196342463383,0.0392509529909,0.0635182998819,0.0567277097246,0.025,0.00923759935607,0.0125098807437,0.00178319916267,0.0,0.0121905032429
2008-08-31,-0.0397566203416,0.002025859,0.0383,0.0112,0.014447,-0.003279166,-0.099825632,-0.008628492,0.9946,0.061,0.02,-0.001063924,0.000836,0.00564649958158,0.115873015873,0.047885459905,-0.128469133941,0.0392509529909,0.0425547661338,0.0267119835619,0.027,-0.0253531306661,0.00752180849258,0.00884853018948,0.0,-0.0907914532713
2008-09-30,-0.22422235023,0.002025859,0.0385,0.0315,0.018635,-0.003465419,0.907506053,-0.014424833,0.9998,0.061,0.0181,-0.005630997,0.001096,0.00564649958158,-0.180654338549,-0.168896033067,-0.17258229118,-0.0295837899872,0.0594164832825,0.0778496626724,0.022,-0.0250473073186,-0.0125662846247,0.0138468029611,0.0816214196691,-0.169424534449
2008-10-31,-0.165026916651,-0.019742258,0.0401,0.0259,0.02405,-0.005619709,0.520436659,-0.017044402,0.8774,0.065,0.0097,-0.009907569,0.001617,-0.0061762618778,-0.0399305555556,0.130137459418,0.0120412664235,-0.0295837899872,0.097989815063,0.0103231230951,0.021,0.0442671108022,0.0392840571007,0.00746569814366,0.0,-0.0748490322581
2008-11-30,0.00600266785238,-0.019742258,0.0293,0.0221,0.019393,-0.00512026,-0.076974453,-0.019413206,0.9984,0.068,0.0039,-0.013232098,0.001988,-0.0061762618778,0.0867992766727,0.0782348267221,0.0118257025707,-0.0295837899872,0.103903236831,-0.0602078204284,0.022,0.0452538977879,0.0166967597912,0.0222561586221,0.0,0.00782156565206
2008-12-31,-0.238011049724,-0.019742258,0.0225,0.0132,0.01448,-0.005880783,-0.276410999,-0.022552537,1.0,0.073,0.0016,-0.010861621,0.001812,-0.0061762618778,0.018302828619,0.0519244940763,-0.0452902988731,-0.0360261012412,0.0749516280613,0.0576941998327,0.024,-0.0153726931949,0.00189217813598,0.00973477334509,-0.0860250494397,-0.0856573484639
2009-01-31,-0.150232018561,-0.011413373,0.0287,0.0094,0.01894,-0.005236735,0.121,-0.020909806,1.0,0.078,0.0015,0.004915745,0.001626,-0.0241116741841,-0.0800653594771,0.0155951931886,-0.117030717088,-0.0360261012412,0.0896486464248,0.0233607367528,0.031,-0.00825478173332,0.00576249991943,0.00334703678102,0.0,-0.109931224875
2009-02-28,0.116723549488,-0.011413373,0.0302,0.01,0.02043,-0.006171682,0.03367529,-0.011648925,0.9976,0.083,0.0022,-0.001674819,0.001738,-0.0241116741841,0.0177619893428,-0.0243760081501,0.0305382333354,-0.0360261012412,0.0884934868794,-0.0292927915644,0.024,0.0110057089424,0.0141763065979,0.00742110543046,0.0,0.0854045082915
2009-03-31,0.206295843521,-0.011413373,0.0271,0.0098,0.018669,-0.00518381,-0.04768069,-0.00745106,0.999,0.087,0.0018,-0.003355258,0.001703,-0.0241116741841,0.13612565445,-0.03388263447,0.0297625342216,-0.031447483649,0.0726271517149,-0.0095516797378,0.022,0.00188023682465,0.0028436558039,0.000635865196578,-0.00897511720159,0.0939250755136
2009-04-30,0.104636432734,-0.003021993,0.0316,0.0088,0.0222,-0.002647128,-0.173085637,0.002934553,0.983,0.09,0.0015,-0.000102639,0.001345,-0.00537539645085,0.0552995391705,0.102431884711,0.126471930625,-0.031447483649,0.0551540140674,-0.0622355638547,0.019,0.00795627087762,0.00292381078407,0.00661838760731,0.0,0.0530814266564
2009-05-31,-0.0224770642202,-0.003021993,0.0347,0.0052,0.025448,-0.003581967,-0.207671233,0.008369624,0.897,0.094,0.0018,0.001827159,0.00117,-0.00537539645085,0.0305676855895,-0.0538001184665,-0.0692232891698,-0.031447483649,0.00132554860856,0.00989312900136,0.023,0.00859845745963,0.00125030629363,0.00101243508504,0.0,0.000195835237287
2009-06-30,0.084702017832,-0.003021993,0.0353,0.004,0.024235,-0.002511048,-0.088865837,0.010931912,0.5966,0.095,0.0021,0.004907938,0.001055,-0.00537539645085,-0.0677966101695,0.0296815974096,0.0460333006856,-0.0350995804993,-0.0604889620079,-0.0222879462893,0.02,0.0178568228118,0.00818273092369,0.000464059209195,-0.0312505458293,0.0741417569508
2009-07-31,0.120268224097,0.003049284,0.0352,0.003,0.023683,-0.001629786,-0.016318786,0.006341366,0.026,0.095,0.0016,0.002814144,0.000922,0.00263665815009,-0.00454545454545,-0.00294549266247,0.0183936745734,-0.0350995804993,-0.0148558397133,-0.00223365285206,0.017,0.0117798281448,0.00667853408355,-8.32540437679e-05,0.0,0.0335601733706
2009-08-31,0.0169916972388,0.003049284,0.034,0.002,0.024292,-0.001686095,0.003472222,-0.000530645,0.0072,0.096,0.0016,0.0128823,0.000912,0.00263665815009,0.118721461187,0.0594097919448,0.0465429879045,-0.0350995804993,-0.0104252786137,-0.0194315100036,0.015,0.0114106379399,0.00803774028206,-0.000261677351825,0.0,0.0357233838255
2009-09-30,-0.0541104993355,0.003049284,0.0331,0.0015,0.023607,-0.001566111,-0.0153787,-0.006902044,0.003,0.098,0.0015,-0.008683083,0.000793,0.00263665815009,-0.0394557823129,0.0374615460951,0.0276834172816,-0.0304374620112,-0.0366180709303,-0.00460516874747,0.019,0.0023802695727,0.00714561725253,0.0033551058286,0.106418974755,-0.0197619858478
2009-10-31,0.0441991168206,0.012678265,0.0341,0.0023,0.024937,-1.54e-05,0.198360016,-0.006950013,0.0036,0.1,0.0012,0.004982077,0.00076,-0.00352915332361,-0.0453257790368,0.128346644985,0.0149791033435,-0.0304374620112,-0.0529173026225,-0.018623853211,0.017,0.013532457872,0.012825665948,0.0048498215408,0.0,0.0573639969504
2009-11-30,-0.00465187805159,0.012678265,0.0321,0.002,0.025346,-0.002114523,-0.201368524,-0.004306864,0.001,0.099,0.0012,0.002166334,0.000765,-0.00352915332361,0.0756676557864,-0.070064342209,-0.000336898846121,-0.0304374620112,-0.0583737752953,0.0398108949105,0.021,-0.0177327386665,-0.0140762921808,-0.000377616766185,0.0,0.0177705977383
2009-12-31,-0.0160293549633,0.012678265,0.0385,0.0019,0.027014,0.000177226,-0.115463076,-0.008583401,0.001,0.099,0.0012,0.005479535,0.000639,-0.00352915332361,0.0262068965517,-0.0143849477657,-0.0481459638086,-0.0302567250469,-0.0588807312685,0.0205753917287,0.016,0.0149089884993,0.0132648642715,-0.00471018769921,0.769571936457,-0.036974262398
2010-01-31,0.0314033366045,0.007864066,0.0363,0.0017,0.027726,-0.000523879,0.135608856,-0.011520894,0.0002,0.098,0.0011,0.000279983,0.000654,-0.00681176748545,-0.010752688172,0.0336570477248,0.0042192017939,-0.0302567250469,-0.00935110560033,0.011326168483,0.029,0.00409439187238,0.00177558955592,0.0054797120186,0.0,0.0285136934638
2010-02-28,0.0856327307326,0.007864066,0.0361,0.0012,0.027999,0.001264135,-0.207961007,-0.01337931,0.0002,0.098,0.0013,0.003128936,0.000671,-0.00681176748545,0.0,-0.00388335615029,0.058889204462,-0.0302567250469,-0.0129335071708,0.00884746521988,0.018,-0.00353061938118,0.000330455367497,-0.000743161148007,0.0,0.0587963675543
2010-03-31,0.0199824715162,0.007864066,0.0384,0.0013,0.028099,0.001870713,-0.097948718,0.00377464,0.0,0.099,0.0016,0.006058975,0.000584,-0.00681176748545,-0.0190217391304,0.0590882551089,0.0139104698483,-0.0342579831291,-0.000792518624188,0.00978130820372,0.023,0.0122198324655,0.00602431348053,0.00368315429111,-0.0295620863672,0.0147593271936
2010-04-30,-0.0907372400756,0.014136374,0.0369,0.0019,0.026929,0.004026433,0.253553155,0.012534819,0.0,0.099,0.002,0.001129216,0.000561,-0.036000709031,0.0193905817175,0.031610730855,-0.121104867547,-0.0342579831291,-0.0112521150592,0.0576796227982,0.036,0.00814699254637,0.0112003343383,0.00616311072428,0.0,-0.0819759162039
2010-05-31,-0.0636930636931,0.014136374,0.0331,0.0038,0.02519,-0.001048491,0.454421769,0.011210454,0.0,0.096,0.002,0.003294779,0.000698,-0.036000709031,0.0326086956522,0.0214420784346,-0.0828870344999,-0.0342579831291,-0.019583725507,-0.00657134937867,0.029,0.0179981807694,0.011223881302,0.00211582072803,0.0,-0.0538823766993
2010-06-30,0.0674202664514,0.014136374,0.0297,0.0035,0.023297,-0.000520965,0.077019021,0.00448888,0.0018,0.094,0.0018,0.002534467,0.000713,-0.036000709031,-0.107894736842,-0.0494051739403,0.107534913198,-0.00534585347713,-0.011923853161,-0.0520815168742,0.029,0.0112944791627,0.00857700032697,0.00111983389131,-0.0165163384118,0.0687778327561
2010-07-31,-0.0737518910741,0.011354996,0.0294,0.003,0.023591,-0.000275949,-0.319629415,-0.001015641,0.0008,0.094,0.0018,0.001809973,0.000659,-0.0299324641931,0.0162241887906,0.0562235393734,-0.0539013324614,-0.00534585347713,-0.0148721459171,0.0203951483339,0.034,0.0186085101339,0.00153408860664,0.00588420353518,0.0,-0.0474491648511
2010-08-31,0.0628828093099,0.011354996,0.0247,0.0016,0.019989,-0.000398703,0.108510638,-0.007726718,0.0008,0.095,0.0019,0.006166354,0.000692,-0.0299324641931,-0.0101596516691,0.0490139490139,0.11535927594,-0.00534585347713,0.00145699075371,-0.0538688973823,0.029,0.00264984026911,-0.00380911644683,0.00345195069966,0.0,0.0875511040378
2010-09-30,0.0182481751825,0.011354996,0.0253,0.0013,0.020876,0.002009649,-0.090211132,-0.012431694,0.001,0.095,0.0019,0.002127431,0.000626,-0.0299324641931,-0.00733137829912,0.0388677457319,0.0453761983151,0.0018927887087,-0.0233562755302,-0.0184705284553,0.035,7.91268614593e-05,0.00979419427086,0.0058181146538,0.0212562717098,0.0368559411146
2010-10-31,-0.00943218260706,0.011459151,0.0263,0.0017,0.022636,0.000910949,-0.105485232,-0.010098216,0.0006,0.094,0.0019,0.00728413,0.000593,-0.00627281687207,0.0576070901034,0.0197366485214,0.0132461373152,0.0018927887087,-0.0384791676216,0.050850309321,0.036,-0.00786986243565,-0.00179848880972,0.00332835992196,0.0,-0.00229028277809
2010-11-30,0.0946486383546,0.011459151,0.0281,0.0013,0.02344,0.000665382,0.110377358,-0.009083287,0.0004,0.098,0.0019,0.005423591,0.000622,-0.00627281687207,0.0405027932961,0.0253709701853,0.109063317061,0.0018927887087,-0.0227624836134,-0.0266888355194,0.034,-0.0139931522872,-0.00549728877172,0.00379775795013,0.0,0.0653000720003
2010-12-31,0.0238343771747,0.011459151,0.033,0.0018,0.027001,0.000328648,-0.245964316,-0.008320406,0.0002,0.093,0.0018,0.003490452,0.000541,-0.00627281687207,-0.00402684563758,-0.0624173350218,0.0661413168914,-0.0131265306122,-0.0442926829268,-0.0163612896695,0.026,0.000787231748086,0.00051514467462,0.00403409608898,-0.0565838080931,0.022645590153
2011-01-31,0.028207306712,0.000535974,0.0342,0.0015,0.028084,0.001444049,0.10028169,-0.011305461,0.0006,0.091,0.0017,0.0036987,0.000508,-0.0156965036032,0.044474393531,0.0590164180448,0.0554275552807,-0.0131265306122,-0.0176475091874,-0.0108831285779,0.037,0.00230057217978,0.00251076040172,0.00471023539827,0.0,0.0319565825895
2011-02-28,-0.0228061477442,0.000535974,0.0342,0.0016,0.02747,0.001716627,-0.060419867,-0.009349155,0.0018,0.09,0.0016,0.003599148,0.000478,-0.0156965036032,-0.129032258065,0.0147874699751,0.0100652704217,-0.0131265306122,-0.0217574852244,-0.013421945922,0.026,-0.000322523423264,0.00278723527036,0.00491408818247,0.0,-0.00104730187912
2011-03-31,0.00693387451378,0.000535974,0.0347,0.0021,0.026492,0.002635267,-0.033242507,0.000290381,0.0008,0.09,0.0014,0.006763441,0.000477,-0.0156965036032,0.0340740740741,0.0918167853652,0.017500344495,-0.0206181668644,0.00140751560218,-0.0385462119514,0.027,0.0131847096084,0.0109740868835,0.00704842843653,0.00283246873769,0.028495357625
2011-04-30,-0.0246892845146,0.014604908,0.0332,0.0023,0.02685,0.00058492,-0.16854566,0.009870092,0.0036,0.091,0.001,0.003883403,0.000476,-0.028148988217,0.0644699140401,-0.0178870627358,-0.0504433483492,-0.0206181668644,0.00078232735759,0.0233776205559,0.034,0.0146371235239,0.0107411202186,0.0056149046136,0.0,-0.0135009276846
2011-05-31,-0.0297916307904,0.014604908,0.0305,0.0019,0.025922,0.001708182,0.047457627,0.010995329,0.0036,0.09,0.0009,0.002682454,0.000509,-0.028148988217,-0.0376850605653,-0.0231486003399,-0.0209279457134,-0.0206181668644,-0.00847962901623,-0.00448833034111,0.026,-0.00465522562152,0.00093485839148,0.00933552383278,0.0,-0.0182575081772
2011-06-30,-0.0323038693646,0.014604908,0.0318,0.0022,0.027024,0.000522949,0.069255663,0.008885414,0.0008,0.091,0.0009,0.002187157,0.000542,-0.028148988217,-0.109090909091,0.0845698516178,-0.0151804402328,-0.0103475402874,-0.00538518073094,-0.00546411315828,0.031,0.0195435460054,0.00929484113811,0.0207309160095,-0.00655935794521,-0.0214744366368
2011-07-31,-0.0863903154806,0.008162448,0.0282,0.0016,0.024407,0.000833251,0.528450363,0.002818291,0.0004,0.09,0.0007,0.004748792,0.000558,-0.00384243506013,-0.124018838305,0.121999938539,-0.0936154642626,-0.0103475402874,-0.00150472914875,0.00297711679771,0.029,0.0168443189081,0.0124536611199,0.0229927164591,0.0,-0.0567910979045
2011-08-31,-0.114033326641,0.008162448,0.0223,0.0031,0.020239,0.001877039,0.252277228,-0.003934518,0.0004,0.09,0.001,0.001724604,0.00073,-0.00384243506013,0.0663082437276,-0.110520117225,-0.113754659612,-0.0103475402874,0.00719860064586,0.0598513161623,0.02,0.0103355636659,0.00170686987595,0.00252775261728,0.0,-0.071762012979
2011-09-30,0.136641740313,0.008162448,0.0192,0.0035,0.016724,0.001578896,0.358633776,-0.011356422,0.0012,0.09,0.0008,0.004187761,0.000841,-0.00384243506013,0.0218487394958,0.0559863036476,0.183597914365,0.00886591402307,-0.0109945895398,-0.0303871271626,0.024,0.0012141341267,-2.74832489597e-05,0.00345639064568,0.0271528615467,0.107723038306
2011-10-31,-0.0398724082935,0.012714789,0.0217,0.0042,0.018751,0.001063509,-0.302607076,-0.012557078,0.0006,0.088,0.0007,0.00342891,0.000707,-0.0298568553099,0.0476973684211,0.0184580393072,0.00940831600151,0.00886591402307,-0.0132645342555,0.0291206049944,0.03,-0.00233512560069,0.00181944108529,0.00475318012878,0.0,-0.00505864517673
2011-11-30,0.0184800664452,0.012714789,0.0208,0.0052,0.018141,0.001574732,-0.072096128,-0.012644509,0.0014,0.086,0.0008,0.000101592,0.000779,-0.0298568553099,0.0973312401884,-0.103896698829,-0.00296085986615,0.00886591402307,-0.0216563997262,0.0228873239437,0.019,0.0129033878299,0.00701215330169,0.00409507236712,0.0,0.00853275165202
2011-12-31,0.070744138634,0.012714789,0.0189,0.0056,0.016371,0.002693147,-0.158273381,-0.010903769,0.0002,0.085,0.0007,-0.000129286,0.000723,-0.0298568553099,0.0729613733906,0.110453636311,0.0252135709055,0.00329670860866,-0.0341831309117,-0.0111003018284,0.024,0.0106712154871,0.00407556134319,0.00809447707603,-0.0544327314068,0.0435830152672
2012-01-31,0.048743335872,0.011945852,0.0183,0.0048,0.015824,0.001778105,-0.169230769,-0.007398639,0.0004,0.083,0.0008,0.00723172,0.000661,0.00431297415876,0.004,-0.0235935917503,0.0539247196629,0.00329670860866,-0.020137631293,-0.00694934920795,0.03,-0.00112846881501,0.0009225042191,0.00366473821828,0.0,0.0405894499432
2012-02-29,0.0624546114742,0.011945852,0.0198,0.004,0.016773,0.001744992,-0.051954733,-0.001192606,0.0006,0.083,0.001,0.006446229,0.000598,0.00431297415876,0.0119521912351,-0.0168615478913,-0.0456386855818,0.00329670860866,-0.0132919346492,0.00339103598054,0.022,-0.00860569980254,0.00065057928664,0.00495394777329,0.0,0.031332376545
2012-03-31,-0.012987012987,0.011945852,0.0223,0.004,0.018801,0.000583143,-0.158979924,0.014029851,0.0022,0.082,0.0013,0.001029528,0.000599,0.00431297415876,0.00262467191601,-0.00203818601445,-0.0251611528842,0.00960709209607,-0.00413569887317,-0.00288592982634,0.031,0.0134566029509,0.00648530917641,0.00548065441259,0.0164529122069,-0.00749749728429
2012-04-30,-0.0834487534626,0.009263247,0.0195,0.0037,0.016578,0.000859261,0.106451613,0.019281719,0.001,0.082,0.0014,0.002748653,0.000604,-0.0092078973217,0.0379581151832,-0.0626160084097,-0.115657930945,0.00960709209607,0.00150466445983,0.0541662435259,0.034,0.0121779516011,0.00316523836183,0.0030857305264,0.0,-0.0626506713594
2012-05-31,0.044200982244,0.009263247,0.0159,0.004,0.01296,0.000567372,0.402915452,0.018628159,0.0014,0.082,0.0016,-0.000644435,0.000696,-0.0092078973217,-0.0769230769231,0.0236717483387,0.0667099868209,0.00960709209607,-0.00108173076923,-0.0170514071023,0.027,-0.000154558758893,0.00115907188392,0.00713403897917,0.0,0.0395549212794
2012-06-30,0.00144717800289,0.009263247,0.0167,0.0037,0.013438,0.001066949,-0.290108063,0.014956053,0.0014,0.082,0.0016,-0.00117163,0.000644,-0.0092078973217,-0.0122950819672,0.0107233403236,0.0267946770997,0.00830831929525,-0.00561003489351,0.0123488551582,0.03,0.0163616074663,0.00803443174753,0.0075356435942,0.00160033126688,0.0125976390439
2012-07-31,0.0285404624277,0.006580386,0.0151,0.0033,0.012566,0.001319222,0.108313817,0.007751938,0.0022,0.082,0.0016,0.003409897,0.000616,0.0271811910436,0.0276625172891,0.04785764719,0.027415689027,0.00830831929525,0.000151251607048,-0.0172687118049,0.031,0.000218635335273,0.00112723386381,0.00724991772789,0.0,0.0197633616565
2012-08-31,0.0240604144714,0.006580386,0.0157,0.0033,0.013279,0.001511013,-0.077126255,0.002910603,0.0028,0.081,0.0013,0.001812431,0.000598,0.0271811910436,0.0538358008075,0.0475219434347,0.0232113665753,0.00830831929525,0.00246502835539,-0.0156757954881,0.031,0.000736544986267,0.00207666119618,0.00818779454279,0.0,0.0242360903752
2012-09-30,0.0123477962614,0.006580386,0.0165,0.0026,0.014031,0.001085098,-0.099599313,-0.002418463,0.0014,0.078,0.0014,0.006883825,0.000574,0.0271811910436,0.0549169859515,-0.0291155311045,-0.0233047984675,0.00719863694448,-0.0115103789524,-0.000200162632139,0.036,0.00349482661197,-0.00167484656073,0.00602959805953,0.0358948552684,-0.0197894035414
2012-10-31,-0.00237167541928,0.004277191,0.0172,0.002,0.014087,0.000979985,0.18245391,-0.002701392,0.0008,0.078,0.0016,0.001230797,0.000563,-0.00601964341085,0.00121065375303,-0.00329526632377,-0.00994474238885,0.00719863694448,0.0152613506295,0.00292796456412,0.036,0.0029716135199,-0.00172012869111,0.00582751720435,0.0,0.00284670292318
2012-11-30,0.0307352691459,0.004277191,0.0162,0.0023,0.013695,0.001809713,-0.146774194,0.0,0.0002,0.077,0.0016,0.001525389,0.000565,-0.00601964341085,-0.118500604595,-0.0231081412028,0.0207715133531,0.00719863694448,-0.0409019165727,-0.00479083752324,0.027,-0.00275994168739,0.00136677409405,0.0120824518158,0.0,0.0070683105255
2012-12-31,0.0632619439868,0.004277191,0.0178,0.0026,0.015106,0.00156213,0.13547574,-0.000625087,0.001,0.079,0.0016,0.002221884,0.000534,-0.00601964341085,0.0123456790123,-0.00695377085385,0.0893271274882,0.0207649040698,-0.0155789605667,-0.00704534342915,0.027,-0.00802834758913,-0.00500289445592,0.00235887502757,-0.0502665277462,0.050428063582
2013-01-31,0.0134800123954,0.010927605,0.0202,0.0023,0.017231,0.002114087,-0.20754717,0.003057891,0.0304,0.08,0.0014,0.003477406,0.000495,0.0359328318857,0.0514905149051,-0.0505439682635,-0.0221323654428,0.0207649040698,-0.0243591784748,0.034618152436,0.029,0.00585180204026,0.00338939626046,-0.00133928998498,0.0,0.0110606030265
2013-02-28,0.0374560464761,0.010927605,0.0189,0.0018,0.016413,0.000958921,0.086134454,0.005889282,0.0038,0.077,0.0015,0.00513122,0.000498,0.0359328318857,0.0128865979381,0.0113255803648,0.0271161071339,0.0207649040698,-0.00757180156658,0.0125321846514,0.041,0.000592681099637,0.00116499276534,0.00755797802535,0.0,0.0359877994032
2013-03-31,0.0244621279104,0.010927605,0.0187,0.0021,0.016065,0.001451742,-0.181173436,0.019355283,0.003,0.075,0.0014,-0.001896659,0.000486,0.0359328318857,-0.027989821883,-0.0756118935837,0.00585854125267,0.00232472494591,-0.000263088660879,-0.01482356344,0.038,0.0122446465211,0.00531872499376,0.00343214618471,0.0119710875245,0.0180857639929
2013-04-30,0.0450230149597,0.004002928,0.017,0.0022,0.014643,0.001663036,0.064566929,0.020339212,0.0024,0.076,0.0015,-0.000683739,0.000455,0.014897737806,0.106020942408,-0.0602081654489,0.0130976248665,0.00232472494591,-0.0124177631579,0.0199275805544,0.043,-0.0192168152986,-0.0153326568149,0.00342988165961,0.0,0.0207627834774
2013-05-31,-0.0154163799036,0.004002928,0.0216,0.0024,0.018349,0.001190109,0.205621302,0.019205298,0.0014,0.075,0.0011,0.002274767,0.000462,0.014897737806,-0.00473372781065,-0.110440985733,-0.0395721384411,0.00232472494591,-0.00421350653676,-0.00286656671664,0.037,-0.0180277791036,-0.00961873936544,0.00530664274586,0.0,-0.0149993254596
2013-06-30,0.048231511254,0.004002928,0.0252,0.0023,0.021303,0.000895189,0.034355828,0.016634178,0.0022,0.075,0.0009,0.003608316,0.000521,0.014897737806,0.0118906064209,0.0733396515273,0.0494371207051,0.0160608078628,0.0102522076532,-0.0202559661278,0.042,0.00226021105024,-0.000899675358109,0.00553223064424,0.00543737236215,0.0494621112135
2013-07-31,-0.0496132301947,0.012572039,0.026,0.0023,0.022673,0.001913406,-0.202253855,0.011888022,0.0034,0.073,0.0009,0.002022932,0.000471,-0.0262396310138,-0.0352526439483,0.0529783332201,-0.0194767504353,0.0160608078628,-0.0277626024336,0.00779600255365,0.045,-0.00612033094404,-0.00285877024058,0.00576333881333,0.0,-0.0312980133236
2013-08-31,0.0283468986809,0.012572039,0.0278,0.0023,0.023852,0.001390241,0.264684015,0.007011117,0.001,0.073,0.0008,0.002389118,0.000476,-0.0262396310138,-0.0560292326431,-0.0474746823196,0.0225749636418,0.0160608078628,-0.0136732052854,-0.0227319794852,0.032,0.00751454112503,0.0140791435006,0.00493159845087,0.0,0.0297494748832
2013-09-30,0.0364355895197,0.012572039,0.0264,0.0023,0.022932,0.001549062,-0.024103469,0.001756257,0.0006,0.072,0.0008,0.004722872,0.000483,-0.0262396310138,-0.0554838709677,-0.0044919979233,0.0461614327983,0.0197891805887,0.0100992662926,-0.000324104660874,0.034,0.0086886611519,0.00681308541571,0.0101197737607,0.0113169542735,0.0445957598644
2013-10-31,0.0359447004608,0.014958134,0.0257,0.002,0.022492,0.001882264,-0.171686747,-0.000626135,0.0016,0.072,0.0009,0.003615228,0.000436,-0.0104282083143,0.025956284153,-0.0526884646199,0.00776057001933,0.0197891805887,-0.0255340967356,0.00604775858844,0.038,-0.00282325827051,-0.00622349154927,0.000677041875955,0.0,0.0280494608719
2013-11-30,0.0188103711235,0.014958134,0.0275,0.0018,0.024631,0.000342249,-0.003636364,-0.001190402,0.0012,0.069,0.0008,0.006698531,0.000427,-0.0104282083143,0.098535286285,-0.0412574300874,0.0189605265834,0.0197891805887,0.00349024835134,-0.00799454635597,0.026,-0.00614882368236,-0.00471829626611,0.00524809596518,0.0,0.0235628332992
2013-12-31,-0.0354291417166,0.014958134,0.0304,0.0018,0.026483,0.001383086,0.001459854,-0.000501819,0.0012,0.067,0.0009,0.002079362,0.0004,-0.0104282083143,-0.0157575757576,0.0357095303086,-0.0637132935056,0.0314702362484,0.0112732674998,0.0159430249266,0.028,0.01464111819,0.0156334173724,0.00442940689605,-0.050179001508,-0.035582895107
2014-01-31,0.0358251422659,0.001849189,0.0267,0.0022,0.023163,0.001097671,0.341836735,0.00056483,0.0046,0.066,0.0007,0.000890541,0.000421,0.0525354426635,0.00492610837438,0.0657587079667,0.0478907465698,0.0314702362484,-0.00907362599378,-0.019923503585,0.034,0.00614533942615,0.00344242295656,0.00589492366481,0.0,0.0431170375689
2014-02-28,0.0208515420152,0.001849189,0.0266,0.0019,0.023307,0.001975093,-0.239543726,0.003136173,0.0006,0.067,0.0007,0.004561043,0.000381,0.0525354426635,-0.0196078431373,-0.031951386847,0.0231697145996,0.0314702362484,-0.0266329467167,0.0051323235999,0.027,-0.00105830651974,-0.00321917337548,0.00491515506144,0.0,0.00693215735836
2014-03-31,-0.0172455968689,0.001849189,0.0273,0.0018,0.022997,0.002384283,-0.008571429,0.008253611,0.0,0.067,0.0008,0.007395241,0.000377,0.0525354426635,0.05125,0.00591116891613,0.0674314419394,-0.00479566842852,-0.0239750573394,-0.0078152309613,0.033,0.0082283803108,0.00924855491329,0.0052673540504,0.0274343612335,0.00620079686382
2014-04-30,0.0150591163659,0.017003787,0.0267,0.0019,0.022355,0.001778536,-0.033861671,0.01103876,0.0004,0.062,0.0009,0.002842485,0.000371,-0.0236693585473,-0.026159334126,-0.03245586869,0.0102564739335,-0.00479566842852,-0.0262529832936,0.0112615446561,0.041,0.0112852989544,0.0120327458831,0.00620215827979,0.0,0.02103028212
2014-05-31,0.0193722412948,0.017003787,0.0248,0.0019,0.021029,0.002193964,-0.149888143,0.010488867,0.0006,0.063,0.0009,0.003311089,0.000367,-0.0236693585473,0.00732600732601,0.0621359067921,0.0335666570387,-0.00479566842852,-0.025641025641,-0.00739090943025,0.036,-0.000405371404076,0.0026219600839,0.00474693353407,0.0,0.0190583134484
2014-06-30,-0.0161173923503,0.017003787,0.0253,0.0019,0.020737,0.00145464,0.014912281,0.00922666,0.0002,0.061,0.001,0.004479397,0.000353,-0.0236693585473,-0.00848484848485,-0.0337067647081,-0.0237479412307,0.0139943176421,-0.0185758513932,0.0210717643372,0.042,-0.00109541278417,-0.00586715274793,0.00593207640303,0.000922703830936,-0.0150798630773
2014-07-31,0.0397310513447,0.017397227,0.0258,0.0021,0.020302,0.001653867,0.464995678,0.005593649,0.0002,0.062,0.0009,0.003462809,0.000404,-0.00435368421881,0.00855745721271,0.00368785036528,0.0288326258154,0.0139943176421,-0.0125394321767,0.0158613239049,0.038,0.0119787583529,0.00936575405259,0.00318075076233,0.0,0.0376553217277
2014-08-31,-0.0156378600823,0.017397227,0.0235,0.002,0.018549,0.002010079,-0.293215339,0.001854178,0.0004,0.062,0.0009,0.007213137,0.000384,-0.00435368421881,0.0254545454545,-0.0614998601746,-0.0812145178572,0.0139943176421,-0.0253374331124,0.0385266109151,0.04,-0.00904718647257,-0.0016152837842,0.0031706656651,0.0,-0.0155138591473
2014-09-30,0.039894887721,0.017397227,0.0252,0.0022,0.019218,0.001626331,0.361435726,-0.00119403,0.0,0.059,0.0009,0.000735368,0.00044,-0.00435368421881,0.0271867612293,-0.0291437321525,-0.0431432179583,0.0153469457279,-0.0114718836423,0.0114154719791,0.034,0.00995342041219,0.00968153788102,0.00469307792773,0.0453250218041,0.0232014561753
2014-10-31,0.0234321157822,0.006450706,0.0235,0.0022,0.018439,0.00223168,-0.139791539,-0.001972504,0.0002,0.057,0.0009,0.006246034,0.00043,-0.0263442786534,0.0218642117376,-0.00474022541647,-0.100452500875,0.0153469457279,-0.00246606569267,0.0165560247132,0.047,0.00737191301143,0.00654775922266,0.00332787354081,0.0,0.0245335844008
2014-11-30,0.0123456790123,0.006450706,0.0218,0.0021,0.016955,0.001819908,-0.049893086,-0.001437384,0.0004,0.058,0.0009,0.003966673,0.000467,-0.0263442786534,0.0540540540541,0.0145539584368,0.00915487686204,0.0153469457279,-0.00801894631876,0.021651048033,0.033,0.000772960117087,0.00154618463682,0.00601176440103,0.0,-0.00418851206253
2014-12-31,-0.0555432372506,0.006450706,0.0217,0.0022,0.015067,0.001666999,0.44036009,-0.001199544,0.0024,0.056,0.0012,-0.000214908,0.000504,-0.0263442786534,0.0480769230769,0.0839433622939,-0.0327416495442,0.0287369096498,-0.00598952879581,0.0502387309043,0.032,0.0264065920506,0.00848580874175,0.00582987747813,-0.0550241861853,-0.0310408470543
2015-01-31,0.0524709472943,0.007824906,0.0168,0.0023,0.011919,0.001692673,0.0921875,-0.001261034,0.0058,0.057,0.0011,-0.000603525,0.000526,-0.0180786555658,-0.0275229357798,-0.0550012073626,0.0554605480103,0.0287369096498,-0.00324456430137,0.00515801021054,0.043,-0.0127255807326,-0.00162648296977,0.0100471198825,0.0,0.0548925057268
2015-02-28,-0.00680347981263,0.007824906,0.02,0.0024,0.013746,0.000610605,-0.363853124,0.002284752,0.0058,0.055,0.0011,0.003333802,0.000446,-0.0180786555658,-0.0251572327044,-0.0244069305462,-0.033190196976,0.0287369096498,-0.00961741703657,0.0321534635283,0.035,0.00498807102364,0.00370211585504,0.00185083456581,0.0,-0.0173960560703
2015-03-31,-0.0034811903425,0.007824906,0.0194,0.0024,0.01368,0.001859079,0.146176912,0.008818236,0.0046,0.054,0.0011,0.006678429,0.000482,-0.0180786555658,0.0311827956989,0.000675921153797,0.0725370689072,0.0251537969188,-0.0257176395262,-0.0381975863436,0.031,-0.00534027419391,0.000417087523053,0.00369483061142,0.0276118794569,0.00852076270982
2015-04-30,0.0191570881226,0.012224475,0.0205,0.0027,0.014647,0.002436399,-0.048397646,0.011179164,0.0032,0.054,0.0012,0.001531582,0.000459,-0.0143006537878,-0.0542231491137,0.00524329390309,-0.0610587534597,0.0251537969188,-0.018269441402,0.0243868921776,0.05,-0.0034063479889,-0.000231060568007,0.00290800289119,0.0,0.010491438545
2015-05-31,-0.0077399380805,0.012224475,0.0212,0.0027,0.015161,0.00145546,-0.048797251,0.011114378,0.005,0.055,0.0012,0.006092425,0.000458,-0.0143006537878,0.0595369349504,-0.0153118648054,-0.0270893500795,0.0251537969188,0.0110228489825,-0.0146738625693,0.038,-0.0123455113405,-0.00762676098796,0.00373759721105,0.0,-0.0210117728565
2015-06-30,0.0347671049699,0.012224475,0.0235,0.0027,0.017104,0.001791988,0.317196532,0.009305572,0.0032,0.053,0.0013,0.001519979,0.0005,-0.0143006537878,-0.0312174817898,-0.0652961999403,-0.0706828972701,0.000405629501195,-0.00915912602075,0.0193852437556,0.033,0.00726979368637,0.0063032229974,0.00490924574616,0.0142536659639,0.01974203993
2015-07-31,-0.0660133534353,0.007431788,0.022,0.0023,0.015195,0.001105665,-0.335161821,0.006050478,0.0008,0.052,0.0013,0.004333888,0.000536,-0.0158625798724,-0.0128893662728,0.0357090709984,-0.0560847172241,0.000405629501195,0.0035861454505,-0.0155338209912,0.042,-0.00232538032027,0.000845227733532,0.00421229291637,0.0,-0.0625808046239
2015-08-31,-0.030208693647,0.007431788,0.0221,0.0027,0.014804,0.000703467,1.345709571,0.002577467,0.0016,0.051,0.0014,0.002699012,0.00057,-0.0158625798724,-0.0511425462459,-0.0174812543505,-0.074544643716,0.000405629501195,-0.00989879261364,0.00548923025547,0.038,0.00700608471159,0.00584624819661,0.00435181891138,0.0,-0.0264428196209
2015-09-30,0.0626560456545,0.007431788,0.0206,0.0034,0.014079,0.002256543,-0.13823426,0.000685558,0.0024,0.05,0.0014,0.002562801,0.000662,-0.0158625798724,0.0321100917431,0.0242312279726,0.130144752258,-0.00369688706209,-0.0171710378839,0.00618578100675,0.042,3.62361509962e-05,0.000659689945725,0.00240537089666,0.0697258730505,0.0829830783894
2015-10-31,0.0186842694115,0.003266294,0.0216,0.0025,0.014181,0.001907781,-0.384897959,5.71e-05,0.0026,0.05,0.0012,0.001125393,0.00059,-0.0497545996382,0.0144444444444,-0.0677167698383,-0.00427221804197,-0.00369688706209,0.00583888331357,0.0332556268438,0.044,-0.00319772445217,-0.00135846493462,0.00840681420365,0.0,0.000504963065559
2015-11-30,-0.0293245469522,0.003266294,0.0221,0.002,0.012756,0.001673131,0.070338421,0.000570874,0.0054,0.05,0.0012,0.003621297,0.00064,-0.0497545996382,0.0142387732749,-0.00344675375903,-0.0993123367954,-0.00369688706209,0.00498866213152,-0.0153638814016,0.043,-0.00429397117359,-0.000325074767196,0.00487327846141,0.0,-0.0175301983744
2015-12-31,-0.081692690654,0.003266294,0.0227,0.0045,0.012217,0.000880595,0.128952263,-0.00011411,0.0044,0.05,0.0024,0.002576165,0.000695,-0.0497545996382,-0.00647948164147,0.0538215059844,-0.0565110794157,0.0210227703455,0.00749097472924,0.00988533017003,0.045,0.014082900183,0.0129772023473,0.0105427060694,-0.0432128921444,-0.0507353444817
2016-01-31,-0.025505174963,0.002075821,0.0194,0.0029,0.011472,0.001654901,0.109280615,-0.000342368,0.002,0.049,0.0034,0.000414958,0.000777,-0.00628581514043,-0.00326086956522,0.107725740246,-0.0306296870832,0.0210227703455,-0.00530771298038,-0.0140051804108,0.047,0.00849169955494,0.00373364677528,0.00544106317411,0.0,-0.00412835525502
2016-02-29,0.0696674674422,0.002075821,0.0174,0.003,0.00961,0.001568513,0.017326733,0.001427022,0.003,0.049,0.0038,0.003820813,0.000775,-0.00628581514043,-0.00763358778626,-0.00477931975425,0.0928762906563,0.0210227703455,-0.0150849938084,-0.0369103257273,0.035,0.0117222361047,0.00295710960987,0.00579474163115,0.0,0.0659911087189
2016-03-31,0.0270685579196,0.002075821,0.0178,0.0042,0.010476,0.001064918,-0.321167883,0.00752394,0.0032,0.05,0.0036,0.000699273,0.000705,-0.00628581514043,-0.021978021978,0.0493044007301,0.0821294335998,0.0238763276567,-0.0156589324494,-0.0159008732793,0.037,0.00475012239173,0.00161891679749,0.0067930038409,0.0423547050033,0.00269936982338
2016-04-30,0.0226723443434,0.01161527,0.0183,0.0042,0.010517,0.000298972,0.125448029,0.010692464,0.0008,0.05,0.0037,0.008456878,0.000621,-0.0933078314891,0.0640449438202,-0.0604624554514,-0.0387409827023,0.0238763276567,-0.000928936367859,0.030177692787,0.043,-0.00018875544318,0.00129304011363,0.00587224516821,0.0,0.0153294920835
2016-05-31,-0.0328606797209,0.01161527,0.0184,0.0035,0.009688,0.002064378,-0.096178344,0.010411419,0.0012,0.047,0.0037,0.003984315,0.000597,-0.0933078314891,-0.012671594509,0.087697067439,0.0270057023993,0.0238763276567,-0.00278940027894,0.00262798385667,0.036,0.0220139178539,0.0081248715967,0.00542264502833,0.0,0.000906073554097
2016-06-30,0.0383988829416,0.01161527,0.0149,0.0039,0.00888,0.002018506,0.101479915,0.008808376,0.0002,0.049,0.0038,0.005050822,0.000621,-0.0933078314891,-0.0374331550802,0.0222255843861,-0.0256931834055,0.00393875089691,-0.000839160839161,-0.00637591920369,0.034,0.00798611558603,0.00204759940804,0.00501928997311,0.0185423231724,0.0356098072287
2016-07-31,0.032272523532,0.010308048,0.0146,0.0049,0.007977,0.001218356,-0.24056302,0.006205382,0.001,0.049,0.0039,0.002700003,0.000569,-0.0077369768596,-0.00222222222222,-0.0313110532236,0.00878128332183,0.00393875089691,0.000723217618514,0.00515021459227,0.038,-0.00203291879406,0.00115244749827,0.00675460841108,0.0,-0.00121917556128
2016-08-31,-0.0230134607034,0.010308048,0.0158,0.0051,0.007747,0.001721599,0.130581297,0.003547454,0.0014,0.049,0.004,0.002669385,0.00051,-0.0077369768596,0.0155902004454,0.00527132019832,0.0237073751343,0.00393875089691,-0.0224967944982,-0.005821582554,0.037,-0.00188759016232,0.00275204952722,0.00432136804807,0.0,-0.00123448259978
2016-09-30,0.00311111111111,0.010308048,0.016,0.0057,0.008325,0.000855869,-0.009687034,0.001685882,0.0008,0.049,0.004,0.006325823,0.000497,-0.0077369768596,-0.0438596491228,-0.0293798019561,-0.00696746203905,-0.00330362981098,-0.0198902933461,0.0312372332736,0.041,-0.00967401024307,-0.00262873569871,0.00378889562129,0.0438730843337,-0.0194256250375
2016-10-31,0.0881701373505,0.009419284,0.0184,0.0054,0.009846,0.001130988,0.283671934,0.000488626,0.0004,0.048,0.004,0.003162311,0.000491,-0.0181580356034,0.0756880733945,-0.0814353160404,0.0658208603109,-0.00330362981098,-0.00671598209071,0.0310325562497,0.041,-0.0265058887574,-0.0171293990202,0.00589875835721,0.0,0.03417444677
2016-11-30,0.0327768729642,0.009419284,0.0237,0.0045,0.012679,0.001067714,-0.218640094,0.001302366,0.0006,0.046,0.0041,0.003129277,0.000467,-0.0181580356034,0.046908315565,-0.0219058983975,0.0395064764716,-0.00330362981098,0.0148946594806,0.00699507389163,0.038,0.00213915135162,-1.47610917303e-05,0.00264343281655,0.0,0.0182007540442
2016-12-31,0.00473092844471,0.009419284,0.0245,0.005,0.01256,0.001486324,0.053263316,0.001083893,0.0004,0.047,0.0054,0.005426576,0.000422,-0.0181580356034,0.0030549898167,0.0550936819172,-0.0276027413465,0.010664632402,-0.00140001931061,-0.0263966343802,0.041,0.00278558933593,-0.000339510121338,0.00595477101405,-0.0561029181969,0.0178843413747
2017-01-31,0.0478712968413,0.008048432,0.0245,0.0051,0.012487,0.001594053,-0.146011396,0.001245128,0.0026,0.048,0.0065,0.003224651,0.0004,0.0134028460801,-0.0223350253807,0.0311550151976,-0.0285971500174,0.010664632402,-0.00423011844332,0.0161588552134,0.041,0.00765344427074,0.00478428863239,0.00297482320513,0.0,0.0371982605414
2017-02-28,-0.0259314735068,0.008048432,0.0236,0.0053,0.011298,0.000342999,0.077564637,0.002054609,0.0014,0.047,0.0066,0.001139818,0.000374,0.0134028460801,0.00623052959502,0.000608759732146,-0.0129077504947,0.010664632402,-0.016992353441,-0.00761471518987,0.04,-0.000889699211543,0.000284122917453,0.00621733645702,0.0,-0.000389230170415
2017-03-31,-0.00269101393561,0.008048432,0.024,0.004,0.011334,0.001419529,-0.042569659,0.008093671,0.0012,0.045,0.0079,0.004910816,0.000392,0.0134028460801,0.00103199174407,0.0152737752161,-0.0213487612813,0.021032490348,-0.0228917150265,-0.0129546586946,0.037,0.00823814286466,0.00652317637552,0.00390286857109,0.0400519808367,0.00909121690255
2017-04-30,-0.00751662330153,0.010090617,0.0229,0.0038,0.010183,0.000992947,-0.125303153,0.010758444,0.0006,0.044,0.009,0.003172277,0.000381,0.0134028460801,0.00103092783505,0.00050462043082,-0.0308030042436,0.021032490348,-0.0306560857258,-0.0214840989399,0.051,0.00831875810339,0.00620843003596,0.00483174381351,0.0,0.0115762100495
