Date,benchmark,GDP,CSUSHPINSA,DGS10,TEDRATE,FEDFUNDS,PCE,UNRATE,RECPROUSM156N,VIXCLS,XOI.Index,YIELD_SLOPE,XAU.Curncy,CSENT,PAYEMS,OAS,SP500,TELECOMEXPORT,PPI_TELECOM,PPI_SOFTWARE,PPI_Semiconductor
10/31/2000,-0.080775444,0.011087677,0.005506814,0.0577,0.0057,0.0651,0.000940244,0.039,0.0268,0.148760331,-0.014828739,-0.00163,-0.033181404,0.017013233,0.001722562,0.0809,-0.004949496,0.031822565,-0.019292605,0.00096432,-0.003367003
11/30/2000,-0.234329233,0.011087677,0.005198181,0.0548,0.0068,0.0651,0.002153304,0.039,0.044,0.254760897,-0.026538439,-0.00145,0.019988686,-0.085501859,0.001070979,0.0901,-0.08006856,0,-0.018579235,-0.015414258,-0.002252252
12/31/2000,-0.087222647,0.011087677,0.004617232,0.0512,0.0067,0.064,0.00643161,0.039,0.0806,-0.094435076,0.061670956,0.00016,0.006655574,-0.037601626,-0.000188351,0.0846,0.004053386,0.009345794,0.002227171,-0.001956947,-0.007900677
1/31/2001,0.172170997,0.003421985,0.003952569,0.0519,0.0056,0.0598,0.004398848,0.042,0.1576,-0.179888268,-0.015421911,0.00542,-0.023507805,-0.043294615,0.000542553,0.0761,0.034636592,0.009259259,-0.038888889,0.005882353,0
2/28/2001,-0.290617849,0.003421985,0.00384545,0.0492,0.0032,0.0549,0.00278182,0.042,0.1868,0.28746594,-0.004905489,0.00506,0.004889976,0.009933775,-0.000203347,0.0792,-0.092290686,-0.002752294,0.042774566,-0.006822612,-0.004550626
3/31/2001,-0.140322581,0.003421985,0.006931777,0.0493,0.0068,0.0531,-0.001024284,0.043,0.2268,0.010229277,0.007708559,0.00737,-0.034437582,-0.033879781,-0.002109212,0.085,-0.06420472,-0.007359706,-0.009977827,0.002944063,-0.002285714
4/30/2001,0.195121951,0.012396412,0.007699275,0.0535,0.0048,0.048,0.002007946,0.044,0.2638,-0.110335196,0.104563312,0.01062,0.023647994,0.040723982,-0.000294404,0.0769,0.076814355,0.000926784,-0.004479283,0.015655577,-0.002290951
5/31/2001,-0.051805338,0.012396412,0.008539326,0.0543,0.0044,0.0421,0.00666553,0.043,0.27,-0.111459969,0.002325581,0.01193,0.006816891,0.006521739,-0.000981636,0.0806,0.005090199,-0.000925926,0.006749156,-0.020231214,-0.002296211
6/30/2001,0.018211921,0.012396412,0.009536542,0.0542,0.0027,0.0397,0.001976536,0.045,0.2748,-0.158127208,-0.063651563,0.0117,0.018807598,-0.002159827,-0.00083899,0.0826,-0.025003583,0.00463392,-0.002234637,0.014749263,-0.004602992
7/31/2001,-0.073170732,0.000103587,0.008475324,0.0507,0.0021,0.0377,0.001704922,0.046,0.2598,0.134312697,-0.001038535,0.01257,-0.015506738,-0.00974026,-0.001180111,0.0805,-0.010772447,-0.012915129,-0.002239642,-0.020348837,-0.002312139
8/31/2001,-0.131578947,0.000103587,0.006653243,0.0485,0.0016,0.0365,0.005190457,0.049,0.2378,0.152636448,0.001039615,0.01203,0.029064317,-0.106010929,-0.001825274,0.0924,-0.064108386,-0.003738318,0,0.011869436,-0.00811124
9/30/2001,-0.219191919,0.000103587,0.004174276,0.046,0.0024,0.0307,-0.0127762,0.05,0.2298,0.281300161,-0.092356746,0.01737,0.068695335,0.011002445,-0.002481145,0.098,-0.08172339,-0.010318949,-0.001122334,0,-0.002336449
10/31/2001,0.216041397,0.005811465,0.001818654,0.043,0.0019,0.0249,0.027697454,0.053,0.1704,0.05104917,0.019692468,0.01809,-0.046376812,0.014510278,-0.002213483,0.0879,0.018099026,0.005687204,0.006741573,0.004887586,-0.00117096
11/30/2001,0.14893617,0.005811465,0.001383126,0.0478,0.0028,0.0209,-0.005599846,0.055,0.1238,-0.289630513,-0.033801209,0.01911,-0.018773467,0.058402861,-0.001311215,0.0829,0.07517598,-0.012252592,0,-0.008754864,0.001172333
12/31/2001,-0.014814815,0.005811465,0.001899171,0.0507,0.0017,0.0182,-0.002718597,0.057,0.0508,-0.001677852,0.059474328,0.02025,0.016581633,0.047297297,-0.001030503,0.0815,0.007573829,-0.017175573,-0.003348214,-0.026496565,0
1/31/2002,0.009398496,0.012440338,0.003274169,0.0507,0.0015,0.0173,0.003852573,0.057,0.018,-0.113865546,-0.022673513,0.01874,0.012905539,-0.024731183,-0.001039207,0.081,-0.015573828,-0.005825243,-0.002239642,0,0.003512881
2/28/2002,-0.145251397,0.012440338,0.004122295,0.0488,0.0014,0.0174,0.005819028,0.057,0.0132,0.023707918,0.035182999,0.01816,0.049548752,0.055126792,-0.000160633,0.0733,-0.020766236,-0.0078125,-0.005611672,-0.006048387,0.001166861
3/31/2002,0.079520697,0.012440338,0.008638385,0.0542,0.0027,0.0173,0.002341695,0.057,0.0042,-0.194071329,0.075634884,0.01685,0.020569887,-0.028213166,-0.000596732,0.0716,0.036738861,0.00984252,-0.003386005,0,0.003496503
4/30/2002,-0.123107972,0.009258158,0.010853896,0.0511,0.0018,0.0175,0.009468578,0.059,0.0024,0.259195402,-0.04288971,0.018647,0.019164051,0.041935484,-3.83E-05,0.0703,-0.061417652,-0.009746589,0.002265006,-0.010141988,-0.008130081
5/31/2002,-0.038895282,0.009258158,0.013253922,0.0508,0.0019,0.0175,-0.003240035,0.058,0.001,-0.088087631,0.00799483,0.018499,0.058680499,-0.046439628,0.000428695,0.0798,-0.009081455,-0.001968504,0.006779661,0.007172131,-0.005854801
6/30/2002,-0.136733716,0.009258158,0.0127494,0.0486,0.0019,0.0175,0.006050425,0.058,0.0018,0.271271271,0.004615976,0.019861,-0.03705405,-0.046536797,-0.000642767,0.0936,-0.072464719,-0.001972387,0.025813692,-0.001017294,-0.001177856
7/31/2002,-0.092926491,0.009355951,0.011117469,0.0451,0.0014,0.0173,0.007887485,0.058,0.0062,0.261023622,-0.119208679,0.022249,-0.034663699,-0.005675369,-0.000107197,0.0979,-0.078994959,0.009881423,0.00547046,0.00101833,0
8/31/2002,-0.005198777,0.009355951,0.008408117,0.0414,0.0015,0.0174,0.003340427,0.057,0.0062,0.019044646,0.015567102,0.019919,0.030308022,-0.017123288,-0.000459464,0.0985,0.00488142,0.005870841,-0.004352557,0.018311292,-0.002358491
9/30/2002,-0.182293268,0.009355951,0.006093161,0.0363,0.0025,0.0175,-0.003074238,0.057,0.0046,0.215992647,-0.093785034,0.019109,0.034532374,-0.06387921,0.000934673,0.1068,-0.110024343,0.013618677,0.002185792,-0.000999001,0
10/31/2002,0.212406015,0.006050254,0.005179696,0.0393,0.0027,0.0175,0.00581732,0.057,0.005,-0.215419501,-0.032637546,0.022228,-0.017926132,0.044665012,9.95E-05,0.0965,0.086448827,0.032629559,0.010905125,0,-0.003546099
11/30/2002,0.180775194,0.006050254,0.00396385,0.0422,0.0023,0.0134,0.004083381,0.059,0.005,-0.116891458,0.015764875,0.021489,0.001258851,0.029691211,-0.001209227,0.0896,0.057069635,0.011152416,-0.003236246,0.005,0
12/31/2002,-0.146533613,0.006050254,0.004027164,0.0383,0.0018,0.0124,0.007040188,0.06,0.0082,0.040727273,0.022868261,0.022178,0.093980827,-0.049596309,0.000704959,0.0818,-0.060332582,-0.000919118,0.002164502,0.00199005,-0.015421115
1/31/2003,-0.011076923,0.011369406,0.003932363,0.04,0.0019,0.0124,0.003561687,0.058,0.0032,0.089098532,-0.04442306,0.022734,0.057750323,-0.030339806,-0.001140923,0.0843,-0.027414698,0.009199632,-0.005399568,-0.020854022,-0.002409639
2/28/2003,0.013067828,0.011369406,0.005327066,0.0371,0.0016,0.0126,-0.000778415,0.059,0.0046,-0.049406481,-0.002646432,0.021817,-0.049436371,-0.028785982,-0.001602183,0.0804,-0.017003623,0.010938924,-0.017372421,0.006085193,-0.004830918
3/31/2003,-0.002149877,0.011369406,0.007636562,0.0383,0.0016,0.0125,0.007116827,0.059,0.006,-0.016199798,0.009651059,0.023144,-0.035719388,0.108247423,-0.000337843,0.0702,0.008357606,0.017132552,0.001104972,-0.003024194,0
4/30/2003,0.085257002,0.012517722,0.009125358,0.0389,0.002,0.0126,0.004483776,0.06,0.005,-0.27238422,0.001837337,0.023543,0.003259742,0.070930233,-5.38E-05,0.0664,0.081044118,0.021276596,0.004415011,0,0.002427184
5/31/2003,0.102949518,0.012517722,0.01034562,0.0337,0.0019,0.0126,0.000978895,0.061,0.001,-0.082036775,0.094089516,0.020482,0.076502732,-0.026058632,7.68E-05,0.0634,0.050898661,0.021701389,0,0.003033367,0.001210654
6/30/2003,-0.007199794,0.012517722,0.010543083,0.0354,0.0023,0.0122,0.007002034,0.063,6.00E-04,0.002568053,0.005007533,0.022134,-0.049526684,0.013377926,0.000168975,0.0586,0.011322243,0.006796941,0.003296703,-0.004032258,-0.007255139
7/31/2003,0.058016058,0.022380773,0.01065826,0.0449,0.0017,0.0101,0.007885639,0.062,0.001,-0.001536885,-0.023983954,0.026657,0.022950346,-0.01760176,-0.000314854,0.0582,0.016223704,-0.010126582,0.002190581,-0.002024291,0
8/31/2003,0.064626683,0.022380773,0.009728927,0.0445,0.0018,0.0103,0.012217683,0.061,0.0014,-0.044125192,0.038525601,0.024957,0.059827854,-0.017917133,0.000798906,0.0536,0.017873191,0.004262575,-0.001092896,-0.013184584,-0.025578563
9/30/2003,-0.008277765,0.022380773,0.008237717,0.0396,0.0023,0.0101,-0.000621914,0.061,2.00E-04,0.219538379,0.000124974,0.024799,0.026095061,0.021664766,0.001558158,0.0492,-0.011944326,0.010186757,0.00547046,-0.015416238,-0.01125
10/31/2003,0.096684442,0.016489268,0.006565509,0.0433,0.0023,0.0101,0.002108204,0.06,2.00E-04,-0.291373239,0.021076308,0.024752,-0.002854548,0.045758929,8.43E-05,0.0462,0.054961495,0.030252101,-0.007616975,0.002087683,0
11/30/2003,0.016490486,0.016489268,0.005725467,0.0434,0.0026,0.01,0.007578638,0.058,6.00E-04,0.013664596,0.009729134,0.022879,0.036174366,-0.011739594,0.000942558,0.0428,0.007128513,0,0,-0.003125,0.002528445
12/31/2003,0.008943428,0.016489268,0.006197305,0.0427,0.0022,0.0098,0.003006138,0.057,0.0014,0.121936275,0.136471064,0.024266,0.043450961,0.120950324,0.001217281,0.0394,0.050765451,-0.004078303,0.001096491,-0.003134796,-0.011349306
1/31/2004,0.04102247,0.014519634,0.007734727,0.0416,0.0023,0.01,0.00790038,0.057,2.00E-04,-0.09175314,0.001208653,0.02313,-0.031291371,-0.090558767,0.000367034,0.0426,0.017276423,-0.000819001,-0.00109529,-0.004192872,-0.008928571
2/29/2004,-0.030891089,0.014519634,0.009452065,0.0399,0.0018,0.0101,0.004329812,0.056,0,-0.125075165,0.053489322,0.023301,-0.015654119,0.014830508,0.002530078,0.044,0.01220903,-0.009016393,-0.005482456,0.004210526,0.009009009
3/31/2004,-0.030445443,0.014519634,0.014432554,0.0386,0.0018,0.01,0.006057903,0.058,4.00E-04,0.150515464,0.000741465,0.02263,0.076486179,-0.016701461,0.001913737,0.0398,-0.016358936,0.015715467,-0.002205072,0.002096436,-0.003826531
4/30/2004,-0.063013699,0.016098475,0.014504823,0.0453,0.0022,0.01,0.002536633,0.056,2.00E-04,0.02688172,0.018034554,0.021908,-0.093094149,-0.042462845,0.002336235,0.0425,-0.016790829,0.024429967,0.007734807,0,0.008962868
5/31/2004,0.060053981,0.016098475,0.014776303,0.0466,0.0025,0.01,0.008757492,0.056,6.00E-04,-0.098312973,0.00023157,0.021145,0.022753717,0.059866962,0.000584596,0.0407,0.012083446,0.009538951,-0.006578947,-0.012552301,-0.006345178
6/30/2004,0.022703161,0.016098475,0.014695969,0.0462,0.003,0.0103,-0.001010605,0.056,0.0102,-0.07483871,0.054158192,0.019034,-0.003286563,0.011506276,0.000341447,0.0401,0.017989078,-0.006299213,0,0.00529661,0.002554278
7/31/2004,-0.086721992,0.015297587,0.012091416,0.045,0.0028,0.0126,0.008056456,0.055,0.001,0.068340307,0.022307282,0.017976,-0.008116677,-0.008273009,0.00090263,0.0408,-0.034290523,-0.023771791,0.002207506,-0.001053741,0
8/31/2004,-0.052476147,0.015297587,0.009649468,0.0413,0.0023,0.0143,0.002865537,0.054,8.00E-04,-0.001958225,-0.018766879,0.017256,0.048075694,-0.017726799,0.001227682,0.0387,0.002287333,-0.008116883,-0.005506608,-0.010548523,-0.002547771
9/30/2004,0.030208583,0.015297587,0.008451986,0.0414,0.0034,0.0161,0.009476273,0.054,6.00E-04,-0.127534336,0.092720307,0.015144,0.020495303,-0.026539278,0.002618871,0.0373,0.009363906,0.006546645,-0.011074197,-0.002132196,-0.001277139
10/31/2004,0.057481964,0.015719843,0.007671975,0.0405,0.003,0.0176,0.005362475,0.055,0,0.21964018,-0.004450869,0.014751,0.02462642,0.011995638,0.000498249,0.0329,0.014014248,0.027642276,-0.008958567,0.00534188,0.001278772
11/30/2004,0.055237676,0.015719843,0.007677543,0.0436,0.0022,0.0193,0.004811176,0.054,0.001,-0.186232329,0.06931846,0.013525,0.05226928,0.046336207,0.000973365,0.031,0.038594939,0.013449367,-0.006779661,0.001062699,-0.003831418
12/31/2004,0.010636079,0.015719843,0.007428571,0.0424,0.0038,0.0216,0.006868911,0.054,0,0.003776435,-0.030557236,0.011531,-0.027719259,-0.016477858,0.001025185,0.032,0.032458128,0.004683841,-0.009101251,-0.006369427,0.001282051
1/31/2005,-0.058811391,0.020025691,0.009264511,0.0414,0.0027,0.0228,0.00055187,0.053,0.0018,-0.035364936,0.033822387,0.008564,-0.036150074,-0.014659686,0.001799767,0.0305,-0.025290448,-0.008547009,-0.019517796,0,-0.005121639
2/28/2005,0.005481254,0.020025691,0.011177719,0.0436,0.002,0.025,0.006395813,0.054,6.00E-04,-0.057722309,0.155437217,0.007808,0.030880265,-0.015940489,0.001014778,0.0298,0.018903384,-0.005485893,-0.030444965,0.002136752,-0.002574003
3/31/2005,-0.023113825,0.020025691,0.016365096,0.045,0.0039,0.0263,0.00545728,0.052,0.002,0.160596026,-0.01029731,0.00707,-0.016756571,-0.052915767,0.002733369,0.0378,-0.019117647,0.003152088,-0.020531401,0,-0.003870968
4/30/2005,-0.042410714,0.012514234,0.014704095,0.0421,0.0037,0.0279,0.010832125,0.052,6.00E-04,0.092011412,-0.042051799,0.005481,0.014123964,-0.009122007,0.001325515,0.0423,-0.02010859,-0.021209741,-0.002466091,0.003198294,-0.00388601
5/31/2005,0.091142191,0.012514234,0.015209581,0.04,0.0041,0.03,-0.004050069,0.051,8.00E-04,-0.131939909,0.011926482,0.004074,-0.039479742,0.104718067,0.001832324,0.039,0.029952025,0.002407705,-0.012360939,-0.006376196,-0.00390117
6/30/2005,-0.022217475,0.012514234,0.014568833,0.0394,0.0046,0.0304,0.010909384,0.05,8.00E-04,-0.094055681,0.075495214,0.002799,0.043738766,0.005208333,0.002791982,0.0349,-0.000142677,0.001601281,-0.020025031,0.004278075,-0.002610966
7/31/2005,0.06336028,0.017832628,0.012150456,0.0428,0.0036,0.0326,0.010552346,0.05,0.005,-0.039036545,0.060812331,0.002613,-0.013088404,-0.076683938,0.001459104,0.0337,0.035968204,-0.001598721,0,-0.004259851,0.002617801
8/31/2005,-0.006985823,0.017832628,0.010453762,0.0402,0.0043,0.035,0.000530001,0.049,0.0156,0.089023336,0.078962719,0.002023,0.012563983,-0.136924804,0.000498049,0.0364,-0.011222026,0.016813451,-0.011494253,0.003208556,0.002610966
9/30/2005,0.006414235,0.017832628,0.009606639,0.0434,0.006,0.0362,0.005748033,0.05,0.1036,-0.053968254,0.058006488,0.001591,0.078354779,-0.035110533,0.000624108,0.0358,0.00694894,0.029133858,-0.014211886,0.008528785,-0.0078125
10/31/2005,-0.024259868,0.013341769,0.006418558,0.0457,0.0037,0.0378,0.004034246,0.05,0.0028,0.285234899,-0.084260111,0.001768,-0.008757724,0.099730458,0.002532003,0.0362,-0.017740741,0.042846213,-0.015727392,-0.00422833,-0.003937008
11/30/2005,0.074589128,0.013341769,0.005202797,0.0449,0.0056,0.04,0.003136301,0.05,2.00E-04,-0.212793734,-0.013402731,0.000772,0.059953997,0.121323529,0.001162817,0.0365,0.035186121,0.016140866,-0.009320905,0.002123142,-0.009222661
12/31/2005,-0.025098039,0.013341769,0.002393143,0.0439,0.0055,0.0416,0.00435039,0.049,2.00E-04,0.000829187,0.014829136,-8.50E-05,0.048511398,-0.003278689,0.002056609,0.0355,-0.000952396,-0.006498195,-0.00672043,-0.002118644,-0.003989362
1/31/2006,0.041633146,0.019973278,0.003997557,0.0453,0.0031,0.0429,0.008120264,0.047,2.00E-04,0.072908036,0.158355542,-3.00E-06,0.100386847,-0.049342105,0.002325547,0.0334,0.025466839,-0.03125,-0.00270636,0.002123142,-0.00400534
2/28/2006,-0.012550685,0.019973278,0.003760438,0.0455,0.0031,0.0449,0.003802156,0.048,0.001,-0.047104247,-0.09750678,-0.001236,-0.01291967,0.025374856,0.002077088,0.0325,0.000453097,-0.017254314,0,-0.004237288,-0.004021448
3/31/2006,0.02190262,0.019973278,0.00683158,0.0486,0.0048,0.0459,0.003656387,0.047,0.0012,-0.076985413,0.037716645,0.000311,0.039355356,-0.016872891,0.001345104,0.0306,0.011064607,0.006870229,-0.008141113,-0.003191489,0.004037685
4/30/2006,-0.006125132,0.0110551,0.004924761,0.0507,0.0048,0.0479,0.006020877,0.047,0.0014,0.017559263,0.053346411,0.001922,0.12127131,-0.094965675,0.00018351,0.0302,0.012186928,0.028051554,0.019151847,-0.002134472,0.00536193
5/31/2006,-0.076049288,0.0110551,0.003974952,0.0512,0.005,0.0494,0.003339369,0.046,0.002,0.418464193,-0.026116028,0.000856,-0.014103877,0.073324905,0.000579787,0.0328,-0.030916901,0.022123894,-0.017449664,0.009625668,0.002666667
6/30/2006,-0.011043967,0.0110551,0.000922009,0.0515,0.0061,0.0499,0.003209388,0.046,0.001,-0.204379562,0.050254505,-0.000134,-0.045489771,-0.002355713,0.001510973,0.0337,8.66E-05,0.015151515,0.004098361,0,-0.001329787
7/31/2006,-0.036241045,0.007877219,0.000379301,0.0499,0.005,0.0524,0.008250932,0.047,8.00E-04,0.142966361,0.043419456,0.000294,0.033936835,-0.031877214,0.001340247,0.0342,0.005085813,0.022743426,0.002721088,-0.003177966,0.002663116
8/31/2006,0.079798863,0.007877219,-0.001083306,0.0474,0.0048,0.0525,0.000876031,0.047,0.001,-0.176588629,-0.048160335,-0.000496,-0.014840989,0.041463415,0.001119035,0.0343,0.021274263,0.015983322,0.002713704,0.001062699,0
9/30/2006,0.039684147,0.007877219,-0.001138705,0.0464,0.006,0.0525,0.00270051,0.045,0.0018,-0.026807474,-0.053835813,-0.000553,-0.046229874,0.096018735,5.84E-05,0.0325,0.024566274,0.023939808,-0.00405954,0.001061571,0.006640106
10/31/2006,0.035443038,0.011350758,-0.000814288,0.0461,0.0042,0.0525,0.00206517,0.044,0.0016,-0.07345576,0.047017576,-0.000945,0.013872639,-0.016025641,0.001526818,0.0314,0.031508029,0.026720107,-0.008152174,0.003181336,-0.003957784
11/30/2006,0.038555576,0.011350758,-0.002281865,0.0446,0.0047,0.0525,0.001901565,0.045,0.0012,-0.017117117,0.067940889,-0.001503,0.068249258,-0.004343105,0.00124731,0.03,0.01646661,0.018217306,0.012328767,0.003171247,-0.001324503
12/31/2006,-0.013944223,0.011350758,-0.002178175,0.0471,0.0047,0.0524,0.009044448,0.044,8.00E-04,0.059578368,-0.019588913,-0.001058,-0.017438272,0.056706652,0.00174843,0.0276,0.012615751,0.005111821,-0.0067659,-0.005268704,0.00265252
1/31/2007,0.016161616,0.011862051,-0.002783235,0.0483,0.0037,0.0525,0.003845952,0.046,0.0028,-0.098615917,-0.020114967,-0.001085,0.025914874,-0.057791538,0.000647244,0.0262,0.014059085,-0.009535919,-0.005449591,-0.006355932,-0.002645503
2/28/2007,-0.027290801,0.011862051,-0.001368139,0.0456,0.0034,0.0526,0.003946363,0.045,4.00E-04,0.479846449,-0.017908217,-0.000766,0.024724434,-0.031763417,0.001380864,0.0286,-0.021846145,0,-0.008219178,0.002132196,-0.037135279
3/31/2007,0.002415459,0.011862051,-0.001534415,0.0465,0.0045,0.0526,0.004254077,0.044,4.00E-04,-0.050583658,0.063747354,0.000699,-0.008291626,-0.014705882,0.000580615,0.0274,0.009979955,0.005134788,-0.009668508,0.00106383,-0.013774105
4/30/2007,0.049490269,0.013284901,-0.000329308,0.0463,0.0057,0.0525,0.004049171,0.045,0,-0.028688525,0.045021417,0.000312,0.022069901,0.013777268,0.001037247,0.0257,0.043290683,0.017241379,0.016736402,0,-0.001396648
5/31/2007,0.042741081,0.013284901,-0.001372571,0.049,0.0076,0.0525,0.003960457,0.044,8.00E-04,-0.082278481,0.076148442,-0.000202,-0.026457366,-0.033975085,0.000543447,0.0261,0.032549229,0.011927181,0.010973937,-0.004250797,-0.011188811
6/30/2007,0.008130081,0.013284901,-0.001869262,0.0503,0.0068,0.0525,0.001483175,0.046,0.002,0.243678161,0.030748761,0.001662,-0.016426949,0.05978898,-0.000246229,0.0335,-0.01781631,0.014888337,-0.002713704,-0.004268943,0.004243281
7/31/2007,-0.010584677,0.01021764,-0.003029468,0.0478,0.0054,0.0526,0.0037333,0.047,0.0038,0.449168207,-0.033626021,0.002214,0.022550604,-0.077433628,-0.000144876,0.0431,-0.031981907,0.008557457,0.028571429,0.001071811,-0.016901408
8/31/2007,0.028527764,0.01021764,-0.004143646,0.0454,0.0171,0.0502,0.004200992,0.046,0.0032,-0.005952381,0.002385304,0.003972,0.013548096,0,0.000637547,0.0442,0.012863592,0.024848485,-0.034391534,0.005353319,-0.010028653
9/30/2007,0.036816906,0.01021764,-0.006213592,0.0459,0.0151,0.0494,0.003765076,0.047,0.0056,-0.230111206,0.054467842,0.00603,0.104411109,-0.029976019,0.00060818,0.0416,0.035794001,0.032525133,0.016438356,-0.002129925,-0.008683068
10/31/2007,0.068312102,0.007938063,-0.008876235,0.0448,0.0105,0.0476,0.00166709,0.047,0.0182,0.029444444,0.038572371,0.005256,0.071543841,-0.059332509,0.000824885,0.0531,0.014822335,0.051546392,-0.010781671,-0.001067236,-0.010218978
11/30/2007,-0.079594574,0.007938063,-0.013292779,0.0397,0.0205,0.0449,0.007580755,0.047,0.026,0.234214787,-0.044166611,0.009432,-0.016629016,-0.007884363,0.000708528,0.0569,-0.044043424,0.019607843,-0.01226158,-0.001068376,-0.004424779
12/31/2007,0.011497976,0.007938063,-0.010389314,0.0404,0.0141,0.0424,0.001913664,0.05,0.078,-0.0161784,0.090973951,0.009766,0.064003573,0.038410596,0.000122821,0.068,-0.008628489,0.001602564,-0.023448276,0,-0.008888889
1/31/2008,-0.129362792,-0.001149787,-0.013094139,0.0367,0.0119,0.0394,0.001568217,0.05,0.1954,0.164444444,-0.121491312,0.015002,0.110831234,-0.096938776,-0.000606805,0.0725,-0.061163475,-0.002666667,-0.002824859,0.005347594,-0.002989537
2/29/2008,-0.036410445,-0.001149787,-0.010988369,0.0353,0.0125,0.0298,-0.00075277,0.049,0.3808,0.012977099,0.036884857,0.018934,0.051614297,-0.018361582,-0.000563804,0.0808,-0.034761162,0.001069519,-0.011331445,-0.00106383,0
3/31/2008,0.001908397,-0.001149787,-0.007623663,0.0345,0.0133,0.0261,0.004871581,0.051,0.5098,-0.035041447,-0.058469118,0.018272,-0.05852757,-0.099280576,-0.00151879,0.0739,-0.005959583,0.013888889,-0.017191977,0.013844515,0
4/30/2008,0.074857143,0.009853055,-0.003454026,0.0377,0.0144,0.0228,0.004038304,0.05,0.6208,-0.188207731,0.109944082,0.014742,-0.042916349,-0.044728435,-0.00134726,0.0669,0.047546685,0.028451001,0.018950437,0.008403361,-0.00149925
5/31/2008,0.062555378,0.009853055,-0.001852516,0.0406,0.0083,0.0198,0.004848376,0.054,0.7004,-0.142376142,0.057140933,0.014184,0.010198849,-0.056856187,-0.001175003,0.0673,0.010674153,0.018442623,-0.004291845,-0.009375,0
6/30/2008,-0.096230821,0.009853055,-0.002873735,0.0399,0.0091,0.02,0.005558143,0.056,0.773,0.343241727,-0.021929294,0.013526,0.043880429,0.085106383,-0.001546729,0.0775,-0.085962382,0.008551308,-0.00862069,-0.008412198,0
7/31/2008,-0.012917512,0.002025859,-0.004923446,0.0399,0.0114,0.0201,0.000167498,0.058,0.9252,-0.04217119,-0.134095898,0.014383,-0.012210936,0.029411765,-0.001941861,0.082,-0.009859375,-0.007481297,-0.014492754,0.012725345,-0.006006006
8/31/2008,0.024490559,0.002025859,-0.008628492,0.0383,0.0112,0.02,-0.001063924,0.061,0.9946,-0.099825632,-0.001963425,0.014447,-0.090744995,0.115873016,-0.003279166,0.0919,0.012190503,-0.011055276,0.020588235,0.003141361,-0.003021148
9/30/2008,-0.134489051,0.002025859,-0.014424833,0.0385,0.0315,0.0181,-0.005630997,0.061,0.9998,0.907506053,-0.128469134,0.018635,0.04788546,-0.180654339,-0.003465419,0.1494,-0.090791453,-0.018800813,-0.002881844,-0.018789144,-0.003030303
10/31/2008,-0.167404596,-0.019742258,-0.017044402,0.0401,0.0259,0.0097,-0.009907569,0.065,0.8774,0.520436659,-0.172582291,0.02405,-0.168896033,-0.039930556,-0.005619709,0.1796,-0.169424534,-0.019678923,-0.014450867,0.017021277,0.004559271
11/30/2008,-0.125094961,-0.019742258,-0.019413206,0.0293,0.0221,0.0039,-0.013232098,0.068,0.9984,-0.076974453,0.012041266,0.019393,0.130137459,0.086799277,-0.00512026,0.2031,-0.074849032,-0.011621764,0,0.007322176,-0.004538578
12/31/2008,0.022575977,-0.019742258,-0.022552537,0.0225,0.0132,0.0016,-0.010861621,0.073,1,-0.276410999,0.011825703,0.01448,0.078234827,0.018302829,-0.005880783,0.1673,0.007821566,0.005879209,0.008797654,-0.010384216,-0.006079027
1/31/2009,-0.027738466,-0.011413373,-0.020909806,0.0287,0.0094,0.0015,0.004915745,0.078,1,0.121,-0.045290299,0.01894,0.051924494,-0.080065359,-0.005236735,0.1654,-0.085657348,0.017003188,-0.011627907,0.007345226,-0.009174312
2/28/2009,-0.034934498,-0.011413373,-0.011648925,0.0302,0.01,0.0022,-0.001674819,0.083,0.9976,0.03367529,-0.117030717,0.02043,0.015595193,0.017761989,-0.006171682,0.1784,-0.109931225,0.013061651,0.001470588,0,0.00308642
3/31/2009,0.117043741,-0.011413373,-0.00745106,0.0271,0.0098,0.0018,-0.003355258,0.087,0.999,-0.04768069,0.030538233,0.018669,-0.024376008,0.136125654,-0.00518381,0.156,0.085404508,0.004125838,-0.008810573,-0.011458333,0.004615385
4/30/2009,0.1236835,-0.003021993,0.002934553,0.0316,0.0088,0.0015,-0.000102639,0.09,0.983,-0.173085637,0.029762534,0.0222,-0.033882634,0.055299539,-0.002647128,0.1251,0.093925076,-0.003595275,-0.008888889,0,0.001531394
5/31/2009,0.025955299,-0.003021993,0.008369624,0.0347,0.0052,0.0018,0.001827159,0.094,0.897,-0.207671233,0.126471931,0.025448,0.102431885,0.030567686,-0.003581967,0.1081,0.053081427,-0.00257732,0.002989537,-0.002107482,0.001529052
6/30/2009,0.042164441,-0.003021993,0.010931912,0.0353,0.004,0.0021,0.004907938,0.095,0.5966,-0.088865837,-0.069223289,0.024235,-0.053800118,-0.06779661,-0.002511048,0.1027,0.000195835,0.000516796,-0.013412817,-0.001055966,-0.001526718
7/31/2009,0.090357384,0.003049284,0.006341366,0.0352,0.003,0.0016,0.002814144,0.095,0.026,-0.016318786,0.046033301,0.023683,0.029681597,-0.004545455,-0.001629786,0.0897,0.074141757,0.001033058,0,-0.007399577,0.003058104
8/31/2009,0.02288188,0.003049284,-0.000530645,0.034,0.002,0.0016,0.0128823,0.096,0.0072,0.003472222,0.018393675,0.024292,-0.002945493,0.118721461,-0.001686095,0.0845,0.033560173,0.01496388,0.01510574,0.004259851,-0.00152439
9/30/2009,0.046956872,0.003049284,-0.006902044,0.0331,0.0015,0.0015,-0.008683083,0.098,0.003,-0.0153787,0.046542988,0.023607,0.059409792,-0.039455782,-0.001566111,0.0776,0.035723384,0.02541942,-0.016369048,-0.008483563,0
10/31/2009,-0.009239654,0.012678265,-0.006950013,0.0341,0.0023,0.0012,0.004982077,0.1,0.0036,0.198360016,0.027683417,0.024937,0.037461546,-0.045325779,-1.54E-05,0.0756,-0.019761986,0.037183937,-0.004538578,0.004278075,0.001526718
11/30/2009,0.051486303,0.012678265,-0.004306864,0.0321,0.002,0.0012,0.002166334,0.099,0.001,-0.201368524,0.014979103,0.025346,0.128346645,0.075667656,-0.002114523,0.0694,0.057363997,0.009082218,-0.003039514,-0.040468584,0.00152439
12/31/2009,0.063192905,0.012678265,-0.008583401,0.0385,0.0019,0.0012,0.005479535,0.099,0.001,-0.115463076,-0.000336899,0.027014,-0.070064342,0.026206897,0.000177226,0.0623,0.017770598,-0.014684983,-0.00152439,-0.002219756,-0.00456621
1/31/2010,-0.087765033,0.007864066,-0.011520894,0.0363,0.0017,0.0011,0.000279983,0.098,2.00E-04,0.135608856,-0.048145964,0.027726,-0.014384948,-0.010752688,-0.000523879,0.0673,-0.036974262,-0.042788462,-0.009160305,-0.002224694,-0.012232416
2/28/2010,0.049152219,0.007864066,-0.01337931,0.0361,0.0012,0.0013,0.003128936,0.098,2.00E-04,-0.207961007,0.004219202,0.027999,0.033657048,0,0.001264135,0.0612,0.028513693,-0.027122049,-0.001540832,0,0.001547988
3/31/2010,0.060286908,0.007864066,0.00377464,0.0384,0.0013,0.0016,0.006058975,0.099,0,-0.097948718,0.058889204,0.028099,-0.003883356,-0.019021739,0.001870713,0.0559,0.058796368,-0.009808983,-0.007716049,0.003344482,0
4/30/2010,0.020037678,0.014136374,0.012534819,0.0369,0.0019,0.002,0.001129216,0.099,0,0.253553155,0.01391047,0.026929,0.059088255,0.019390582,0.004026433,0.065,0.014759327,0.007820647,-0.01244168,-0.002222222,-0.001545595
5/31/2010,-0.074378778,0.014136374,0.011210454,0.0331,0.0038,0.002,0.003294779,0.096,0,0.454421769,-0.121104868,0.02519,0.031610731,0.032608696,-0.001048491,0.0702,-0.081975916,0.020693223,0.007874016,-0.002227171,0
6/30/2010,-0.064030473,0.014136374,0.00448888,0.0297,0.0035,0.0018,0.002534467,0.094,0.0018,0.077019021,-0.082887034,0.023297,0.021442078,-0.107894737,-0.000520965,0.0678,-0.053882377,0.030410542,-0.0078125,-0.005580357,-0.00619195
7/31/2010,0.074418605,0.011354996,-0.001015641,0.0294,0.003,0.0018,0.001809973,0.094,8.00E-04,-0.319629415,0.107534913,0.023591,-0.049405174,0.016224189,-0.000275949,0.0676,0.068777833,0.036891294,0.001574803,0.001122334,0.001557632
8/31/2010,-0.07034632,0.011354996,-0.007726718,0.0247,0.0016,0.0019,0.006166354,0.095,8.00E-04,0.108510638,-0.053901332,0.019989,0.056223539,-0.010159652,-0.000398703,0.0642,-0.047449165,0.028462998,0.001572327,0.003363229,-0.00777605
9/30/2010,0.122429181,0.011354996,-0.012431694,0.0253,0.0013,0.0019,0.002127431,0.095,0.001,-0.090211132,0.115359276,0.020876,0.049013949,-0.007331378,0.002009649,0.0601,0.087551104,0.018450185,-0.001569859,-0.001117318,-0.004702194
10/31/2010,0.066032844,0.011459151,-0.010098216,0.0263,0.0017,0.0019,0.00728413,0.094,6.00E-04,-0.105485232,0.045376198,0.022636,0.038867746,0.05760709,0.000910949,0.0587,0.036855941,0.011322464,-0.006289308,-0.001118568,-0.004724409
11/30/2010,-0.011837198,0.011459151,-0.009083287,0.0281,0.0013,0.0019,0.005423591,0.098,4.00E-04,0.110377358,0.013246137,0.02344,0.019736649,0.040502793,0.000665382,0.0555,-0.002290283,0.010300045,-0.007911392,-0.001119821,-0.015822785
12/31/2010,0.056448966,0.011459151,-0.008320406,0.033,0.0018,0.0018,0.003490452,0.093,2.00E-04,-0.245964316,0.109063317,0.027001,0.02537097,-0.004026846,0.000328648,0.0512,0.065300072,0.01108156,-0.001594896,0.001121076,-0.004823151
1/31/2011,0.039608574,0.000535974,-0.011305461,0.0342,0.0015,0.0017,0.0036987,0.091,6.00E-04,0.10028169,0.066141317,0.028084,-0.062417335,0.044474394,0.001444049,0.0466,0.02264559,0.003507234,-0.00798722,0,0
2/28/2011,0.020618557,0.000535974,-0.009349155,0.0342,0.0016,0.0016,0.003599148,0.09,0.0018,-0.060419867,0.055427555,0.02747,0.059016418,-0.129032258,0.001716627,0.0484,0.031956583,0.009611184,0.001610306,0.001119821,0.004846527
3/31/2011,-0.025911287,0.000535974,0.000290381,0.0347,0.0021,0.0014,0.006763441,0.09,8.00E-04,-0.033242507,0.01006527,0.026492,0.01478747,0.034074074,0.002635267,0.0466,-0.001047302,0.015577672,-0.004823151,0,-0.001607717
4/30/2011,0.027953111,0.014604908,0.009870092,0.0332,0.0023,0.001,0.003883403,0.091,0.0036,-0.16854566,0.017500344,0.02685,0.091816785,0.064469914,0.00058492,0.0485,0.028495358,0.021303792,-0.011308562,0.002237136,-0.001610306
5/31/2011,-0.017836257,0.014604908,0.010995329,0.0305,0.0019,9.00E-04,0.002682454,0.09,0.0036,0.047457627,-0.050443348,0.025922,-0.017887063,-0.037685061,0.001708182,0.0549,-0.013500928,0.013767209,0.004901961,-0.003348214,0
6/30/2011,-0.032152426,0.014604908,0.008885414,0.0318,0.0022,9.00E-04,0.002187157,0.091,8.00E-04,0.069255663,-0.020927946,0.027024,-0.0231486,-0.109090909,0.000522949,0.0543,-0.018257508,0.007407407,-0.004878049,0.001119821,0.001612903
7/31/2011,0.010919717,0.008162448,0.002818291,0.0282,0.0016,7.00E-04,0.004748792,0.09,4.00E-04,0.528450363,-0.01518044,0.024407,0.084569852,-0.124018838,0.000833251,0.0699,-0.021474437,0.000816993,-0.003267974,0.002237136,-0.004830918
8/31/2011,-0.066484102,0.008162448,-0.003934518,0.0223,0.0031,0.001,0.001724604,0.09,4.00E-04,0.252277228,-0.093615464,0.020239,0.121999939,0.066308244,0.001877039,0.0768,-0.056791098,0.004081633,0.006557377,-0.002232143,-0.003236246
9/30/2011,-0.036179922,0.008162448,-0.011356422,0.0192,0.0035,8.00E-04,0.004187761,0.09,0.0012,0.358633776,-0.11375466,0.016724,-0.110520117,0.021848739,0.001578896,0.0791,-0.071762013,0.007723577,-0.001628664,0.003355705,-0.011363636
10/31/2011,0.118363206,0.012714789,-0.012557078,0.0217,0.0042,7.00E-04,0.00342891,0.088,6.00E-04,-0.302607076,0.183597914,0.018751,0.055986304,0.047697368,0.001063509,0.0761,0.107723038,0.010891489,-0.004893964,-0.003344482,0.003284072
11/30/2011,-0.020562443,0.012714789,-0.012644509,0.0208,0.0052,8.00E-04,0.000101592,0.086,0.0014,-0.072096128,0.009408316,0.018141,0.018458039,0.09733124,0.001574732,0.0752,-0.005058645,0.006783719,-0.004918033,0.001118568,-0.006546645
12/31/2011,-0.01358444,0.012714789,-0.010903769,0.0189,0.0056,7.00E-04,-0.000129286,0.085,2.00E-04,-0.158273381,-0.00296086,0.016371,-0.103896699,0.072961373,0.002693147,0.0684,0.008532752,0.003170828,-0.004942339,0.001117318,-0.008237232
1/31/2012,0.082785603,0.011945852,-0.007398639,0.0183,0.0048,8.00E-04,0.00723172,0.083,4.00E-04,-0.169230769,0.025213571,0.015824,0.110453636,0.004,0.001778105,0.0624,0.043583015,0.004346108,-0.001655629,0.005580357,-0.008305648
2/29/2012,0.071975719,0.011945852,-0.001192606,0.0198,0.004,0.001,0.006446229,0.083,6.00E-04,-0.051954733,0.05392472,0.016773,-0.023593592,0.011952191,0.001744992,0.0596,0.04058945,0.010621558,-0.008291874,-0.006659267,0.001675042
3/31/2012,0.049076446,0.011945852,0.014029851,0.0223,0.004,0.0013,0.001029528,0.082,0.0022,-0.158979924,-0.045638686,0.018801,-0.016861548,0.002624672,0.000583143,0.0613,0.031332377,0.01673803,0,-0.012290503,-0.001672241
4/30/2012,-0.026988819,0.009263247,0.019281719,0.0195,0.0037,0.0014,0.002748653,0.082,0.001,0.106451613,-0.025161153,0.016578,-0.002038186,0.037958115,0.000859261,0.0631,-0.007497497,0.023353752,-0.011705686,-0.00678733,0.001675042
5/31/2012,-0.080042267,0.009263247,0.018628159,0.0159,0.004,0.0016,-0.000644435,0.082,0.0014,0.402915452,-0.115657931,0.01296,-0.062616008,-0.076923077,0.000567372,0.0677,-0.062650671,0.013842125,0.010152284,-0.004555809,0.003344482
6/30/2012,0.022684853,0.009263247,0.014956053,0.0167,0.0037,0.0016,-0.00117163,0.082,0.0014,-0.290108063,0.066709987,0.013438,0.023671748,-0.012295082,0.001066949,0.0636,0.039554921,0.005166052,-0.003350084,0.001144165,-0.005
7/31/2012,0.004071318,0.006580386,0.007751938,0.0151,0.0033,0.0016,0.003409897,0.082,0.0022,0.108313817,0.026794677,0.012566,0.01072334,0.027662517,0.001319222,0.0592,0.012597639,-0.002936858,-0.001680672,0.001142857,-0.001675042
8/31/2012,0.054110738,0.006580386,0.002910603,0.0157,0.0033,0.0013,0.001812431,0.081,0.0028,-0.077126255,0.027415689,0.013279,0.047857647,0.053835801,0.001511013,0.0561,0.019763362,0.004418262,0.023569024,-0.002283105,-0.003355705
9/30/2012,0.006366892,0.006580386,-0.002418463,0.0165,0.0026,0.0014,0.006883825,0.078,0.0014,-0.099599313,0.023211367,0.014031,0.047521943,0.054916986,0.001085098,0.0549,0.02423609,0.011363636,-0.008223684,0.011441648,-0.001683502
10/31/2012,-0.073546856,0.004277191,-0.002701392,0.0172,0.002,0.0016,0.001230797,0.078,8.00E-04,0.18245391,-0.023304798,0.014087,-0.029115531,0.001210654,0.000979985,0.0571,-0.019789404,0.018122508,-0.011608624,-0.004524887,0
11/30/2012,0.008109262,0.004277191,0,0.0162,0.0023,0.0016,0.001525389,0.077,2.00E-04,-0.146774194,-0.009944742,0.013695,-0.003295266,-0.118500605,0.001809713,0.0534,0.002846703,0.008899964,0.001677852,-0.013636364,-0.003372681
12/31/2012,-0.001975727,0.004277191,-0.000625087,0.0178,0.0026,0.0016,0.002221884,0.079,0.001,0.13547574,0.020771513,0.015106,-0.023108141,0.012345679,0.00156213,0.0492,0.007068311,0.000352858,-0.006700168,0,-0.005076142
1/31/2013,0.014281674,0.010927605,0.003057891,0.0202,0.0023,0.0014,0.003477406,0.08,0.0304,-0.20754717,0.089327127,0.017231,-0.006953771,0.051490515,0.002114087,0.0499,0.050428064,-0.015520282,0.001686341,0.006912442,0.00170068
2/28/2013,0.00167294,0.010927605,0.005889282,0.0189,0.0018,0.0015,0.00513122,0.077,0.0038,0.086134454,-0.022132365,0.016413,-0.050543968,0.012886598,0.000958921,0.048,0.011060603,-0.002149767,0.005050505,0,0
3/31/2013,0.020320111,0.010927605,0.019355283,0.0187,0.0021,0.0014,-0.001896659,0.075,0.003,-0.181173436,0.027116107,0.016065,0.01132558,-0.027989822,0.001451742,0.0476,0.035987799,0.010412926,-0.010050251,0,-0.003395586
4/30/2013,0.004365025,0.004002928,0.020339212,0.017,0.0022,0.0015,-0.000683739,0.076,0.0024,0.064566929,0.005858541,0.014643,-0.075611894,0.106020942,0.001663036,0.0438,0.018085764,0.023809524,0.00676819,-0.003432494,0.00681431
5/31/2013,0.042645661,0.004002928,0.019205298,0.0216,0.0024,0.0011,0.002274767,0.075,0.0014,0.205621302,0.013097625,0.018349,-0.060208165,-0.004733728,0.001190109,0.0506,0.020762783,0.010413051,-0.001680672,0.009184845,0.005076142
6/30/2013,-0.040901394,0.004002928,0.016634178,0.0252,0.0023,9.00E-04,0.003608316,0.075,0.0022,0.034355828,-0.039572138,0.021303,-0.110440986,0.011890606,0.000895189,0.0482,-0.014999325,-0.001717623,-0.006734007,0.006825939,0
7/31/2013,0.049164743,0.012572039,0.011888022,0.026,0.0023,9.00E-04,0.002022932,0.073,0.0034,-0.202253855,0.049437121,0.022673,0.073339652,-0.035252644,0.001913406,0.0475,0.049462111,-0.014452856,-0.005084746,-0.010169492,0.001683502
8/31/2013,-0.006213592,0.012572039,0.007011117,0.0278,0.0023,8.00E-04,0.002389118,0.073,0.001,0.264684015,-0.01947675,0.023852,0.052978333,-0.056029233,0.001390241,0.0464,-0.031298013,-0.004189944,0.017035775,0.00456621,-0.001680672
9/30/2013,0.026442621,0.012572039,0.001756257,0.0264,0.0023,8.00E-04,0.004722872,0.072,6.00E-04,-0.024103469,0.022574964,0.022932,-0.047474682,-0.055483871,0.001549062,0.0455,0.029749475,0.005610098,-0.008375209,-0.002272727,-0.003367003
10/31/2013,0.044187817,0.014958134,-0.000626135,0.0257,0.002,9.00E-04,0.003615228,0.072,0.0016,-0.171686747,0.046161433,0.022492,-0.004491998,0.025956284,0.001882264,0.0432,0.04459576,0.016039052,-0.006756757,-0.001138952,0.001689189
11/30/2013,0.035463406,0.014958134,-0.001190402,0.0275,0.0018,8.00E-04,0.006698531,0.069,0.0012,-0.003636364,0.00776057,0.024631,-0.052688465,0.098535286,0.000342249,0.0409,0.028049461,0.004461222,0,0.001140251,0.001686341
12/31/2013,0.038028169,0.014958134,-0.000501819,0.0304,0.0018,9.00E-04,0.002079362,0.067,0.0012,0.001459854,0.018960527,0.026483,-0.04125743,-0.015757576,0.001383086,0.0397,0.023562833,-0.007174581,-0.00170068,-0.003416856,0
1/31/2014,-0.017073722,0.001849189,0.00056483,0.0267,0.0022,7.00E-04,0.000890541,0.066,0.0046,0.341836735,-0.063713294,0.023163,0.03570953,0.004926108,0.001097671,0.0403,-0.035582895,-0.016861666,-0.00681431,-0.004571429,-0.008417508
2/28/2014,0.046520189,0.001849189,0.003136173,0.0266,0.0019,7.00E-04,0.004561043,0.067,6.00E-04,-0.239543726,0.047890747,0.023307,0.065758708,-0.019607843,0.001975093,0.0381,0.043117038,-0.004900245,0.003430532,0.010332951,-0.001697793
3/31/2014,0.000945325,0.001849189,0.008253611,0.0273,0.0018,8.00E-04,0.007395241,0.067,0,-0.008571429,0.023169715,0.022997,-0.031951387,0.05125,0.002384283,0.0371,0.006932157,0.011607457,-0.006837607,0,0
4/30/2014,-0.001976719,0.017003787,0.01103876,0.0267,0.0019,9.00E-04,0.002842485,0.062,4.00E-04,-0.033861671,0.067431442,0.022355,0.005911169,-0.026159334,0.001778536,0.0375,0.006200797,0.027468707,0.003442341,-0.006818182,-0.00170068
5/31/2014,0.036971831,0.017003787,0.010488867,0.0248,0.0019,9.00E-04,0.003311089,0.063,6.00E-04,-0.149888143,0.010256474,0.021029,-0.032455869,0.007326007,0.002193964,0.0347,0.021030282,0.011167513,-0.008576329,0.003432494,0
6/30/2014,0.028013582,0.017003787,0.00922666,0.0253,0.0019,0.001,0.004479397,0.061,2.00E-04,0.014912281,0.033566657,0.020737,0.062135907,-0.008484848,0.00145464,0.0365,0.019058313,-0.004685408,-0.001730104,-0.005701254,0
7/31/2014,0.010012386,0.017397227,0.005593649,0.0258,0.0021,9.00E-04,0.003462809,0.062,2.00E-04,0.464995678,-0.023747941,0.020302,-0.033706765,0.008557457,0.001653867,0.0397,-0.015079863,-0.020174849,-0.012131716,0.005733945,0.001703578
8/31/2014,0.042411855,0.017397227,0.001854178,0.0235,0.002,9.00E-04,0.007213137,0.062,4.00E-04,-0.293215339,0.028832626,0.018549,0.00368785,0.025454545,0.002010079,0.0406,0.037655322,-0.014413178,0.010526316,0.001140251,-0.00170068
9/30/2014,-0.012156863,0.017397227,-0.00119403,0.0252,0.0022,9.00E-04,0.000735368,0.059,0,0.361435726,-0.081214518,0.019218,-0.06149986,0.027186761,0.001626331,0.0451,-0.015513859,-0.008356546,-0.015625,-0.010250569,0.001703578
10/31/2014,0.008634379,0.006450706,-0.001972504,0.0235,0.0022,9.00E-04,0.006246034,0.057,2.00E-04,-0.139791539,-0.043143218,0.018439,-0.029143732,0.021864212,0.00223168,0.0446,0.023201456,-0.002808989,0.005291005,0.00575374,0
11/30/2014,0.051165994,0.006450706,-0.001437384,0.0218,0.0021,9.00E-04,0.003966673,0.058,4.00E-04,-0.049893086,-0.100452501,0.016955,-0.004740225,0.054054054,0.001819908,0.0508,0.024533584,0.003169014,-0.021052632,0.00228833,-0.00170068
12/31/2014,-0.02274642,0.006450706,-0.001199544,0.0217,0.0022,0.0012,-0.000214908,0.056,0.0024,0.44036009,0.009154877,0.015067,0.014553958,0.048076923,0.001666999,0.0529,-0.004188512,0.008775009,-0.001792115,-0.002283105,0
1/31/2015,-0.038697318,0.007824906,-0.001261034,0.0168,0.0023,0.0011,-0.000603525,0.057,0.0058,0.0921875,-0.03274165,0.011919,0.083943362,-0.027522936,0.001692673,0.0471,-0.031040847,0.013917884,-0.007181329,-0.00228833,0
2/28/2015,0.083798326,0.007824906,0.002284752,0.02,0.0024,0.0011,0.003333802,0.055,0.0058,-0.363853124,0.055460548,0.013746,-0.055001207,-0.025157233,0.000610605,0.0466,0.054892506,0.00754976,-0.034358047,0,0
3/31/2015,-0.035028041,0.007824906,0.008818236,0.0194,0.0024,0.0011,0.006678429,0.054,0.0046,0.146176912,-0.033190197,0.01368,-0.024406931,0.031182796,0.001859079,0.0463,-0.017396056,0.001362398,-0.018726592,-0.003440367,-0.001703578
4/30/2015,0.022008384,0.012224475,0.011179164,0.0205,0.0027,0.0012,0.001531582,0.054,0.0032,-0.048397646,0.072537069,0.014647,0.000675921,-0.054223149,0.002436399,0.0451,0.008520763,-0.004761905,0.032442748,-0.004602992,0
5/31/2015,0.0233989,0.012224475,0.011114378,0.0212,0.0027,0.0012,0.006092425,0.055,0.005,-0.048797251,-0.061058753,0.015161,0.005243294,0.059536935,0.00145546,0.0466,0.010491439,-0.000341763,-0.027726433,-0.001156069,0.001706485
6/30/2015,-0.046547641,0.012224475,0.009305572,0.0235,0.0027,0.0013,0.001519979,0.053,0.0032,0.317196532,-0.02708935,0.017104,-0.015311865,-0.031217482,0.001791988,0.0511,-0.021011773,0.004102564,-0.001901141,-0.00462963,-0.00681431
7/31/2015,0.021400592,0.007431788,0.006050478,0.022,0.0023,0.0013,0.004333888,0.052,8.00E-04,-0.335161821,-0.070682897,0.015195,-0.0652962,-0.012889366,0.001105665,0.0566,0.01974204,0.008512087,-0.001904762,0.001162791,0.001715266
8/31/2015,-0.05864746,0.007431788,0.002577467,0.0221,0.0027,0.0014,0.002699012,0.051,0.0016,1.345709571,-0.056084717,0.014804,0.035709071,-0.051142546,0.000703467,0.0587,-0.062580805,0.008440243,-0.003816794,0.00232288,-0.003424658
9/30/2015,-0.017289348,0.007431788,0.000685558,0.0206,0.0034,0.0014,0.002562801,0.05,0.0024,-0.13823426,-0.074544644,0.014079,-0.017481254,0.032110092,0.002256543,0.062,-0.02644282,0.007700033,-0.007662835,0.004634994,-0.001718213
10/31/2015,0.104550051,0.003266294,5.71E-05,0.0216,0.0025,0.0012,0.001125393,0.05,0.0026,-0.384897959,0.130144752,0.014181,0.024231228,0.014444444,0.001907781,0.0614,0.082983078,0.007641196,-0.007722008,-0.001153403,0
11/30/2015,0.009703405,0.003266294,0.000570874,0.0221,0.002,0.0012,0.003621297,0.05,0.0054,0.070338421,-0.004272218,0.012756,-0.06771677,0.014238773,0.001673131,0.0687,0.000504963,0.003956479,-0.027237354,0.008083141,0
12/31/2015,-0.029646419,0.003266294,-0.00011411,0.0227,0.0045,0.0024,0.002576165,0.05,0.0044,0.128952263,-0.099312337,0.012217,-0.003446754,-0.006479482,0.000880595,0.0763,-0.017530198,0.000985222,0.002,-0.001145475,-0.00172117
1/31/2016,-0.056245912,0.002075821,-0.000342368,0.0194,0.0029,0.0034,0.000414958,0.049,0.002,0.109280615,-0.056511079,0.011472,0.053821506,-0.00326087,0.001654901,0.0823,-0.050735344,-0.001968504,0.001996008,0.008027523,-0.005172414
2/29/2016,-0.012573013,0.002075821,0.001427022,0.0174,0.003,0.0038,0.003820813,0.049,0.003,0.017326733,-0.030629687,0.00961,0.10772574,-0.007633588,0.001568513,0.0698,-0.004128355,-0.002301118,-0.019920319,0.002275313,-0.001733102
3/31/2016,0.087828354,0.002075821,0.00752394,0.0178,0.0042,0.0036,0.000699273,0.05,0.0032,-0.321167883,0.092876291,0.010476,-0.00477932,-0.021978022,0.001064918,0.0662,0.065991109,-0.002635914,-0.004065041,-0.011350738,0
4/30/2016,-0.057327189,0.01161527,0.010692464,0.0183,0.0042,0.0037,0.008456878,0.05,8.00E-04,0.125448029,0.082129434,0.010517,0.049304401,0.064044944,0.000298972,0.0626,0.00269937,-0.002312521,-0.002040816,0.013777268,-0.001736111
5/31/2016,0.056804849,0.01161527,0.010411419,0.0184,0.0035,0.0037,0.003984315,0.047,0.0012,-0.096178344,-0.038740983,0.009688,-0.060462455,-0.012671595,0.002064378,0.061,0.015329492,-0.002317881,-0.006134969,-0.010192525,0
6/30/2016,-0.025996854,0.01161527,0.008808376,0.0149,0.0039,0.0038,0.005050822,0.049,2.00E-04,0.101479915,0.027005702,0.00888,0.087697067,-0.037433155,0.002018506,0.0565,0.000906074,-0.002655161,0.002057613,-0.005720824,0
7/31/2016,0.08406155,0.010308048,0.006205382,0.0146,0.0049,0.0039,0.002700003,0.049,0.001,-0.24056302,-0.025693183,0.007977,0.022225584,-0.002222222,0.001218356,0.053,0.035609807,-0.00266223,-0.006160164,-0.00575374,-0.00173913
8/31/2016,0.021379129,0.010308048,0.003547454,0.0158,0.0051,0.004,0.002669385,0.049,0.0014,0.130581297,0.008781283,0.007747,-0.031311053,0.0155902,0.001721599,0.0515,-0.001219176,0.003003003,-0.008264463,0.017361111,0
9/30/2016,0.020845844,0.010308048,0.001685882,0.016,0.0057,0.004,0.006325823,0.049,8.00E-04,-0.009687034,0.023707375,0.008325,0.00527132,-0.043859649,0.000855869,0.0474,-0.001234483,0.0083167,-0.008333333,-0.011376564,-0.005226481
10/31/2016,-0.003445378,0.009419284,0.000488626,0.0184,0.0054,0.004,0.003162311,0.048,4.00E-04,0.283671934,-0.006967462,0.009846,-0.029379802,0.075688073,0.001130988,0.0489,-0.019425625,0.013856813,0,-0.003452244,-0.003502627
11/30/2016,0.002951345,0.009419284,0.001302366,0.0237,0.0045,0.0041,0.003129277,0.046,6.00E-04,-0.218640094,0.06582086,0.012679,-0.081435316,0.046908316,0.001067714,0.0428,0.034174447,0.008460788,-0.018907563,0.015011547,0
12/31/2016,0.011013957,0.009419284,0.001083893,0.0245,0.005,0.0054,0.005426576,0.047,4.00E-04,0.053263316,0.039506476,0.01256,-0.021905898,0.00305499,0.001486324,0.0401,0.018200754,0.003226847,0,-0.007963595,0
1/31/2017,0.047151767,0.008048432,0.001245128,0.0245,0.0051,0.0065,0.003224651,0.048,0.0026,-0.146011396,-0.027602741,0.012487,0.055093682,-0.022335025,0.001594053,0.0385,0.017884341,0.021228691,-0.002141328,-0.008027523,0.008787346
2/28/2017,0.049475858,0.008048432,0.002054609,0.0236,0.0053,0.0066,0.001139818,0.047,0.0014,0.077564637,-0.02859715,0.011298,0.031155015,0.00623053,0.000342999,0.039,0.037198261,0.012598425,-0.027896996,0.011560694,-0.00174216
3/31/2017,0.022852819,0.008048432,0.008093671,0.024,0.004,0.0079,0.004910816,0.045,0.0012,-0.042569659,-0.01290775,0.011334,0.00060876,0.001031992,0.001419529,0.0391,-0.00038923,0.004354588,-0.002207506,0.006857143,0
4/30/2017,0.022490198,0.010090617,0.010758444,0.0229,0.0038,0.009,0.003172277,0.044,6.00E-04,-0.125303153,-0.021348761,0.010183,0.015273775,0.001030928,0.000992947,0.0374,0.009091217,-0.003406627,0.002212389,0.005675369,0.005235602
5/31/2017,0.043339845,0.010090617,0.011014616,0.0221,0.0025,0.0091,0.002153339,0.043,8.00E-04,-0.037892791,-0.030803004,0.00921,0.00050462,-0.020597322,0.001436634,0.0375,0.01157621,0.000310752,-0.013245033,0.006772009,-0.001736111
6/30/2017,-0.031067961,0.010090617,0.009113765,0.0231,0.0029,0.0104,0.00141244,0.044,0.0026,0.073967339,-0.008542969,0.00922,-0.021522239,-0.01787592,0.00094272,0.0369,0.004813832,0.003727866,-0.002237136,-0.007847534,-0.00173913
7/31/2017,0.036430003,0.012751527,0.007007163,0.023,0.0026,0.0115,0.003646158,0.043,0.0092,-0.082289803,0.036436082,0.009451,0.022414446,0.03640257,0.001419572,0.0383,0.019348769,0.007428041,-0.004484305,0.003389831,-0.015679443
